Time,Biomass_OR16,Biomass_NS21,Biomass_LP,pH,DO,Rubber_Remaining,Total_PHA,Action_0,Action_1,Action_2,Action_3,Action_4
0.0,0.5,0.1,0.1,7.21,0.25,100.0,0.0,1.0,0.0,1.0,1.0,1.0
0.2,0.5603733472858341,0.12469632106516627,0.10034550143927753,7.024207047192489,0.0,99.97500721777666,0.0,1.0,0.0,1.0,1.0,1.0
0.4,0.5971173346786545,0.15188239622269553,0.10084653900633493,7.017459039860294,0.0,99.94792328759713,0.0,1.0,0.0,1.0,1.0,1.0
0.6000000000000001,0.6328624165513872,0.17937336998490577,0.10135522150766363,7.010310422394953,0.0,99.91877970909769,0.0,1.0,0.0,1.0,1.0,1.0
0.8,0.6675446789733002,0.206442085486902,0.10187132221632107,7.0063673257027554,0.0,99.88762766596024,0.0,1.0,0.0,1.0,1.0,1.0
1.0,0.702007716848316,0.23313215118080727,0.10239246308395479,7.00306986456862,0.0,99.85448413647228,0.0,1.0,0.0,1.0,1.0,1.0
1.2,0.7363350237151878,0.2598308232522273,0.10291802448208934,6.99599597352749,0.0,99.81935366699628,0.0,1.0,0.0,1.0,1.0,1.0
1.4,0.7705853532776854,0.28653760442686416,0.1034520674944911,6.98990506592124,0.0,99.78223845491927,0.0,1.0,0.0,1.0,1.0,1.0
1.5999999999999999,0.804758513713348,0.3132519915453458,0.10399368946841071,6.984806054872829,0.0,99.74314071312578,0.0,1.0,0.0,1.0,1.0,1.0
1.7999999999999998,0.838854316992726,0.33997348257755033,0.10454193064446618,6.980707270129955,0.0,99.7020626724593,0.0,1.0,0.0,1.0,1.0,1.0
1.9999999999999998,0.8728725789905728,0.366701576756928,0.10509577889458126,6.977616153125371,0.0,99.65900658428697,0.0,1.0,0.0,1.0,1.0,1.0
2.1999999999999997,0.9068131195884506,0.39343577470934415,0.10565417548386426,6.975538997982931,0.0,99.61397472313942,0.0,1.0,0.0,1.0,1.0,1.0
2.4,0.9406757627667605,0.420175578574841,0.10621602178152967,6.974480739678934,0.0,99.56696938939488,0.0,1.0,0.0,1.0,1.0,1.0
2.6,0.9744603366845335,0.44692049212072793,0.10678018681596665,6.974444791016142,0.0,99.51799291197403,0.0,1.0,0.0,1.0,1.0,1.0
2.8000000000000003,1.0081666737452561,0.4736700208445856,0.10734551554067093,6.975432930056616,0.0,99.467047651011,0.0,1.0,0.0,1.0,1.0,1.0
3.0000000000000004,1.041794610647505,0.5004236720658827,0.10791083765271801,6.977445239294915,0.0,99.41413600046538,0.0,1.0,0.0,1.0,1.0,1.0
3.2000000000000006,1.0753439884192073,0.5271809550051588,0.10847497678534375,6.980480097229784,0.0,99.35926039064066,0.0,1.0,0.0,1.0,1.0,1.0
3.400000000000001,1.1088146524348714,0.5539413808499231,0.10903675988231806,6.984534222199199,0.0,99.30242329057612,0.0,1.0,0.0,1.0,1.0,1.0
3.600000000000001,1.1422064524153441,0.580704462806734,0.10959502655507954,6.989602767467579,0.0,99.24362721028169,0.0,1.0,0.0,1.0,1.0,1.0
3.800000000000001,1.1755192424100582,0.6074697161391713,0.11014863822452056,6.995679465678066,0.0,99.18287470278871,0.0,1.0,0.0,1.0,1.0,1.0
4.000000000000001,1.208752880762157,0.6342366581917466,0.11069648685786232,7.002756819985275,0.0,99.12016836599375,0.0,1.0,0.0,1.0,1.0,1.0
4.200000000000001,1.241907230057133,0.6610048084000469,0.11123750312673694,7.010826338533386,0.0,99.05551084427715,0.0,1.0,0.0,1.0,1.0,1.0
4.400000000000001,1.2749821570560285,0.687773688287735,0.11177066383446113,7.019878808499438,0.0,98.98890482988311,0.0,1.0,0.0,1.0,1.0,1.0
4.600000000000001,1.3079775326144674,0.7145428214512082,0.11229499848724911,7.029904605726944,0.0,98.9203530640533,0.0,1.0,0.0,1.0,1.0,1.0
4.800000000000002,1.3408932315891093,0.7413117335330152,0.11280959491423727,7.04089403606137,0.0,98.84985833791097,0.0,1.0,0.0,1.0,1.0,1.0
5.000000000000002,1.3737291327331844,0.7680799521852212,0.11331360387303295,7.052837704885347,0.0,98.77742349309777,0.0,1.0,0.0,1.0,1.0,1.0
5.200000000000002,1.406485118583019,0.7948470070241215,0.11380624260942232,7.065726912045196,0.0,98.70305142216952,0.0,1.0,0.0,1.0,1.0,1.0
5.400000000000002,1.4391610753374124,0.8216124295777141,0.11428679737037915,7.079554070362971,0.0,98.62674506876168,0.0,1.0,0.0,1.0,1.0,1.0
5.600000000000002,1.4717568927318492,0.8483757532274521,0.11475462489733212,7.094313147239487,0.0,98.54850742753825,0.0,1.0,0.0,1.0,1.0,1.0
5.8000000000000025,1.5042724639093716,0.8751365131457268,0.11520915295078792,7.110000130478867,0.0,98.4683415439408,0.0,1.0,0.0,1.0,1.0,1.0
6.000000000000003,1.536707685289987,0.9018942462305486,0.11564987993720503,7.126613521420814,0.0,98.38625051375618,0.0,1.0,0.0,1.0,1.0,1.0
6.200000000000003,1.569062456440181,0.9286484910387738,0.11607637372412584,7.144154860791244,0.0,98.30223748252317,0.0,1.0,0.0,1.0,1.0,1.0
6.400000000000003,1.601336679944178,0.9553987877191588,0.116488269739954,7.162629295444352,0.0,98.2163056447986,0.0,1.0,0.0,1.0,1.0,1.0
6.600000000000003,1.6335302612782092,0.9821446779463749,0.11688526846061925,7.182046197482358,0.0,98.12845824330422,0.0,1.0,0.0,1.0,1.0,1.0
6.800000000000003,1.6656431086889842,1.0088857048570132,0.11726713238710305,7.202419851277404,0.0,98.0386985679749,0.0,1.0,0.0,1.0,1.0,1.0
7.0000000000000036,1.6976751330773565,1.0356214129884327,0.11763368261594973,7.223770228941969,0.0,97.9470299549282,0.0,1.0,0.0,1.0,1.0,1.0
7.200000000000004,1.7296262478879458,1.0623513482212097,0.11798479510007358,7.246123881178283,0.0,97.85345578537441,0.0,1.0,0.0,1.0,1.0,1.0
7.400000000000004,1.7614963690053282,1.0890750577257478,0.11832039669003715,7.269514978733134,0.0,97.75797948448495,0.0,1.0,0.0,1.0,1.0,1.0
7.600000000000004,1.7932854146572592,1.1157920899135554,0.11864046103713756,7.293986550693946,0.0,97.66060452023541,0.0,1.0,0.0,1.0,1.0,0.8453729
7.800000000000004,1.8249933053251772,1.1425019943934847,0.11894500442966198,7.319591980761764,0.0,97.56133440223847,0.0,1.0,0.0,1.0,1.0,0.65369725
8.000000000000004,1.8566199636622018,1.169204321933196,0.11923408162304178,7.3463968431800994,0.0,97.46017268058009,0.0,1.0,0.0,1.0,1.0,0.46116465
8.200000000000003,1.888165314418617,1.1958986244259804,0.11950778171373053,7.374481188831962,0.0,97.35712294467135,0.0,1.0,0.0,1.0,1.0,0.26827532
8.400000000000002,1.9196292843748055,1.2225844548630176,0.1197662240957266,7.403942433216851,0.0,97.25218882212684,0.0,1.0,0.0,1.0,1.0,0.075523324
8.600000000000001,1.9510118022815255,1.2492613672718111,0.12000955452790946,7.434899057977818,0.0,97.14537397768028,0.0,1.0,0.0,1.0,1.0,0.0
8.8,1.9510118022824021,1.2492613672718111,0.1202387378314623,7.43421511096984,0.0,97.09154047213853,0.0,1.0,0.0,1.0,1.0,1.0
9.0,2.0021429931061028,1.2884297970098098,0.12046742515167745,7.484251255429506,0.0,96.98176073458697,0.0,1.0,0.0,1.0,1.0,0.0
9.2,2.0021429931061028,1.2884297970098098,0.12067472571143407,7.483609284372455,0.0,96.92647304087957,0.0,1.0,0.0,1.0,1.0,0.83306205
9.399999999999999,2.0523516547840956,1.3275244418014043,0.12088152787009121,7.534616407276938,0.0,96.81376741548742,0.0,1.0,0.0,1.0,1.0,0.0
9.599999999999998,2.0523516547840956,1.3275244418014043,0.12106859135487152,7.534011239350078,0.0,96.75704443755397,0.0,1.0,0.0,1.0,1.0,0.5660764
9.799999999999997,2.102304843207178,1.3665433718726088,0.12125515756603043,7.588331447718027,0.0,96.64142560616445,0.0,1.0,0.0,1.0,1.0,0.0
9.999999999999996,2.102304843207178,1.3665433718726088,0.1214227733264849,7.587759842916888,0.0,96.58327445225548,0.0,1.0,0.0,1.0,1.0,0.29966635
10.199999999999996,2.152003018036182,1.4054853117430608,0.12158990338072635,7.647512965927895,0.0,96.46475517207729,0.0,1.0,0.0,1.0,1.0,0.0
10.399999999999995,2.152003018036182,1.4054853117430608,0.1217384102589994,7.646972562221208,0.0,96.40518381887736,0.0,1.0,0.0,1.0,1.0,0.0340254
10.599999999999994,2.2014470156548738,1.4443493381372132,0.12188645257439665,7.712730993516751,0.0,96.28377692664749,0.0,1.0,0.0,1.0,1.0,0.0
10.799999999999994,2.2014470156548738,1.4443493381372132,0.1220164074780412,7.712219010950689,0.0,96.22279287234082,0.0,1.0,0.0,1.0,1.0,0.0
10.999999999999993,2.2014470156548738,1.4443493381372132,0.12214663317594945,7.711706272343457,0.0,96.18207285968127,0.0,1.0,0.0,1.0,1.0,0.7441093
11.199999999999992,2.2701998820302793,1.4953407256309075,0.12227616788656898,7.829117500223823,0.0,96.056722907286,0.0,1.0,0.0,1.0,1.0,0.0
11.399999999999991,2.2701998820302793,1.4953407256309075,0.12237870023149093,7.828643720862646,0.0,95.99381810967543,0.0,1.0,0.0,1.0,1.0,0.0
11.59999999999999,2.2701998820302793,1.4953407256309075,0.12248141518227468,7.828169411318073,0.0,95.95182929931275,0.0,1.0,0.0,1.0,1.0,0.40562347
11.79999999999999,2.335960701528257,1.5461573004525315,0.12258356873951154,7.932120890202692,0.0,95.82266136546231,0.0,1.0,0.0,1.0,1.0,0.0
11.99999999999999,2.335960701528257,1.5461573004525315,0.12266661530542733,7.931670244143251,0.0,95.75788453539934,0.0,1.0,0.0,1.0,1.0,0.0
12.199999999999989,2.335960701528257,1.5461573004525315,0.12274979263464912,7.931219204832421,0.0,95.71465618860617,0.0,1.0,0.0,1.0,1.0,0.0979314
12.399999999999988,2.401042524228814,1.5461573004525315,0.12283276207888535,7.946914880994637,0.03945392909983156,95.58290581728224,0.0,1.0,0.0,1.0,1.0,0.0
12.599999999999987,2.4289525145402795,1.5461573004525315,0.12291308041602386,7.919995787139917,0.0,95.45004940191444,0.0,1.0,0.0,1.0,1.0,0.0
12.799999999999986,2.4289525145402795,1.5461573004525315,0.1229978964631298,7.919541505728968,0.0,95.38341739893953,0.0,1.0,0.0,1.0,1.0,0.0
12.999999999999986,2.4289525145402795,1.5461573004525315,0.12308284773328297,7.919086817863938,0.0,95.33894978266223,0.0,1.0,0.0,1.0,1.0,0.3248383
13.199999999999985,2.493651180530581,1.5461573004525315,0.12316758837619043,7.937144260362588,0.0446721442676693,95.20352560719068,0.0,1.0,0.0,1.0,1.0,0.0
13.399999999999984,2.521398329849877,1.5461573004525315,0.12324923575891805,7.9106279411115565,0.0,95.06700172422941,0.0,1.0,0.0,1.0,1.0,0.0
13.599999999999984,2.521398329849877,1.5461573004525315,0.12333538661630074,7.910170464327515,0.0,94.99852581688077,0.0,1.0,0.0,1.0,1.0,0.0
13.799999999999983,2.521398329849877,1.5461573004525315,0.12342167613788078,7.909712570610136,0.0,94.95282661783712,0.0,1.0,0.0,1.0,1.0,0.57616675
13.999999999999982,2.5854228216845248,1.5461573004525315,0.12350775464872737,7.922371970624856,0.044921509142233806,94.81376121997887,0.0,1.0,0.0,1.0,1.0,0.0
14.199999999999982,2.613008587142437,1.5461573004525315,0.12359159204305416,7.89643997303708,0.0,94.67360235688491,0.0,1.0,0.0,1.0,1.0,0.0
14.39999999999998,2.613008587142437,1.5461573004525315,0.1236799517776123,7.89597812846487,0.0,94.6032962916907,0.0,1.0,0.0,1.0,1.0,0.0
14.59999999999998,2.613008587142437,1.5461573004525315,0.12376845589893264,7.89551585017316,0.0,94.55637410236555,0.0,1.0,0.0,1.0,1.0,0.8415311
14.79999999999998,2.6766570111319337,1.5461573004525315,0.1238567457813522,7.907859553648812,0.04512834176644617,94.41368805050581,0.0,1.0,0.0,1.0,1.0,0.0
14.999999999999979,2.7040823189055088,1.5461573004525315,0.12394279263734598,7.882480712727486,0.0,94.269914735534,0.0,1.0,0.0,1.0,1.0,0.0
15.199999999999978,2.704082318905509,1.5461573004525315,0.12403338216774093,7.882014341890536,0.0,94.19778831618095,0.0,1.0,0.0,1.0,1.0,0.06615364
15.399999999999977,2.750339290329024,1.5461573004525315,0.12412385336377568,7.864321693378092,0.02884771961516569,94.0521790890724,0.0,1.0,0.0,1.0,1.0,0.0
15.599999999999977,2.777635035585925,1.5461573004525315,0.12421748670956825,7.840469014511039,0.0,93.90548735114804,0.0,1.0,0.0,1.0,1.0,0.0
15.799999999999976,2.777635035585925,1.5461573004525315,0.12431576861992616,7.839990900506271,0.0,93.831874653702,0.0,1.0,0.0,1.0,1.0,0.29449838
15.999999999999975,2.8236672560481884,1.5461573004525315,0.12441393035623359,7.823064498415623,0.046683602455749845,93.6833550768639,0.0,1.0,0.0,1.0,1.0,0.0
16.199999999999974,2.850834019317527,1.5461573004525315,0.12451537352084725,7.798884824868515,0.0,93.53375768838342,0.0,1.0,0.0,1.0,1.0,0.0
16.399999999999974,2.850834019317527,1.5461573004525315,0.12462192907841067,7.798393302878673,0.0,93.45866238299931,0.0,1.0,0.0,1.0,1.0,0.52914935
16.599999999999973,2.896642024177516,1.5461573004525315,0.12472836404994721,7.784024500249747,0.046786343606847,93.30724511285024,0.0,1.0,0.0,1.0,1.0,0.0
16.799999999999972,2.9236803816027166,1.5461573004525315,0.12483780279971306,7.761032952773984,0.0,93.15475467804785,0.0,1.0,0.0,1.0,1.0,0.0
16.99999999999997,2.9236803816027166,1.5461573004525315,0.12495249110420902,7.760527383455436,0.0,93.07818229812806,0.0,1.0,0.0,0.9385708,1.0,0.7559444
17.19999999999997,2.9692652503845753,1.5461573004525315,0.12506706002629794,7.748512683438651,0.04688167905981089,92.92387986728149,0.0,1.0,0.0,0.9510747,1.0,0.0
17.39999999999997,2.996175775373682,1.5461573004525315,0.12518431624248547,7.727186501519744,0.0,92.76850888415558,0.0,1.0,0.0,0.905914,1.0,0.0
17.59999999999997,2.996175775373682,1.5461573004525315,0.12530679569070527,7.726666648940049,0.0,92.69046552142706,0.0,1.0,0.0,0.7484309,1.0,0.998279
17.79999999999997,3.041538737433293,1.5461573004525315,0.12542915842318436,7.713475285597698,0.04697194253872147,92.53329037174424,0.0,1.0,0.0,0.7773933,1.0,0.0
17.999999999999968,3.068322001742359,1.5461573004525315,0.12555469372667233,7.6929967073270396,0.0,92.37505121651294,0.0,1.0,0.0,0.7336919,1.0,0.0
18.199999999999967,3.068322001742359,1.5461573004525315,0.1256856071609298,7.69246075141594,0.0,92.2955399906437,0.0,1.0,0.0,0.56700414,1.0,1.0
18.399999999999967,3.1134635297219835,1.5461573004525315,0.12581640843653505,7.678478301816069,0.047057575576879396,92.13550437475389,0.0,1.0,0.0,0.5924617,1.0,0.0
18.599999999999966,3.1401201002125556,1.5461573004525315,0.12595082209852163,7.655914833967349,0.0,91.97440922563598,0.0,1.0,0.0,0.55088645,1.0,0.120880194
18.799999999999965,3.1667297317428225,1.5461573004525315,0.1260913427329041,7.633869512378663,0.04631891865245022,91.81225605581534,0.0,1.0,0.0,0.45553935,1.0,0.0
18.999999999999964,3.1932924958521864,1.5461573004525315,0.1262381025265609,7.612296622464964,0.0,91.64904636187822,0.0,1.0,0.0,0.416381,1.0,0.30323464
19.199999999999964,3.2198084637231132,1.5461573004525315,0.12639124105648875,7.591837488737137,0.04833791495648912,91.48478162391302,0.0,1.0,0.0,0.32170695,1.0,0.0
19.399999999999963,3.2462777061688124,1.5461573004525315,0.12655068778005804,7.571746696230602,0.0,91.31946331646546,0.0,1.0,0.0,0.2923078,1.0,0.47370628
19.599999999999962,3.2727002940020165,1.5461573004525315,0.12671658824761292,7.551992836050866,0.04837213016107689,91.15309289713173,0.0,1.0,0.0,0.19459549,1.0,0.0
19.79999999999996,3.2990762976563817,1.5461573004525315,0.1268890958346648,7.532546935042076,0.0,90.9856718059514,0.0,1.0,0.0,0.16898799,1.0,0.6440067
19.99999999999996,3.3254057871734406,1.5461573004525315,0.1270683721723175,7.513382145516345,0.04840382657801742,90.81720146476391,0.0,1.0,0.0,0.06823858,1.0,0.0
20.19999999999996,3.351688832188826,1.5461573004525315,0.1272545876175764,7.494473476900846,0.0,90.64768327652578,0.0,1.0,0.0,0.04681066,1.0,0.81369245
20.39999999999996,3.3779255019176944,1.5461573004525315,0.12744792176684705,7.475797562145895,0.04843442091181627,90.47711862458519,0.0,1.0,0.0,0.0,1.0,0.0
20.59999999999996,3.4041158651392704,1.5461573004525315,0.12764856401640937,7.457332453056977,0.0,90.30550887191032,0.0,1.0,0.0,0.0,1.0,0.9823294
20.799999999999958,3.430259990180443,1.5461573004525315,0.12785671417418396,7.439057439753655,0.048463969730942,90.1328553602677,0.0,1.0,0.0,0.0,1.0,0.021137001
20.999999999999957,3.4563579448983313,1.5461573004525315,0.12807258312769954,7.420952890282004,0.0,89.95915940934601,0.0,1.0,0.0,0.0,1.0,1.0
21.199999999999957,3.4824097966616625,1.5461573004525315,0.12829639357383735,7.403000107062248,0.04849252582176655,89.78442231582079,0.0,1.0,0.0,0.0,1.0,0.18586655
21.399999999999956,3.5084156123309653,1.5461573004525315,0.12852838081668314,7.385181197375965,0.04838747135900523,89.60864535235464,0.0,1.0,0.0,0.0,1.0,0.27047417
21.599999999999955,3.534375458237362,1.5461573004525315,0.12876879364067662,7.367478955514384,0.048516102979135944,89.43182976652729,0.0,0.94778323,0.0,0.0,1.0,0.34962752
21.799999999999955,3.5598584882910695,1.5461573004525315,0.12901790253729,7.350346061825143,0.048557819590172385,89.25399385616755,0.0,0.86784995,0.0,0.0,1.0,0.429165
21.999999999999954,3.5846307818908842,1.5461573004525315,0.12927575628208418,7.333672773254826,0.04860823572958789,89.07516518168649,0.0,0.7891262,0.0,0.0,1.0,0.506544
22.199999999999953,3.608704192645691,1.5461573004525315,0.12954244541303792,7.317868848322792,0.048656853776803455,88.89537082519519,0.0,0.71188015,0.0,0.0,1.0,0.5816971
22.399999999999952,3.6320943574109386,1.5461573004525315,0.12981782307743506,7.302671767802078,0.048703680667530946,88.71463725486907,0.0,0.6359882,0.0,0.0,1.0,0.6547858
22.59999999999995,3.65481570944998,1.5461573004525315,0.13010185728995968,7.288055204111051,0.04874885673010648,88.5329903664065,0.0,0.5614432,0.0,0.0,1.0,0.7258194
22.79999999999995,3.676882460532562,1.5461573004525315,0.1303945105702302,7.2739954019179995,0.048792456154413966,88.35045549254608,0.0,0.48823905,0.0,0.0,1.0,0.79480344
22.99999999999995,3.6983086135986913,1.5461573004525315,0.13069573967737957,7.259859382477233,0.048834547837948356,88.16705741209188,0.0,0.41602257,0.0,0.0,1.0,0.86216474
23.19999999999995,3.7191050976253877,1.5461573004525315,0.13100587447474077,7.245683740926823,0.048875351616128965,87.98282044965143,0.0,0.34478858,0.0,0.0,1.0,0.92787087
23.39999999999995,3.739277588694557,1.5461573004525315,0.13132523637461332,7.233135948697576,0.048915196503478725,87.79776868442868,0.0,0.275449,0.0,0.0,1.0,0.9907874
23.599999999999948,3.7588314379831242,1.5461573004525315,0.13165306522844192,7.2209200054206635,0.04895413759343853,87.61192602917588,0.0,0.20731509,0.0,0.0,1.0,1.0
23.799999999999947,3.7777984239248705,1.5461573004525315,0.13198939462862203,7.209183731614332,0.0489908041233196,87.42531513472119,0.0,0.14044288,0.0,0.0,1.0,1.0
23.999999999999947,3.7961911672576245,1.5461573004525315,0.1323341470168642,7.197913279106874,0.049026271851019265,87.23795815665291,0.0,0.07480687,0.0,0.0,1.0,1.0
24.199999999999946,3.8140219574118257,1.5461573004525315,0.1326872373267376,7.1864232245215875,0.049060595772520976,87.0498767692801,0.0,0.009870058,0.0,0.0,1.0,1.0
24.399999999999945,3.8312985688237506,1.5461573004525315,0.13304905941957312,7.175677821377053,0.04909404761667133,86.86109231536271,0.0,0.0,0.0,0.0,1.0,1.0
24.599999999999945,3.848473433362461,1.5461573004525315,0.13341930095940355,7.16522740122417,0.04910344421191984,86.67160820856114,0.0,0.0,0.0,0.0,1.0,1.0
24.799999999999944,3.865627501122625,1.5461573004525315,0.1337979552795621,7.154521404377457,0.04910852611783903,86.4814246473636,0.0,0.0,0.0,0.0,1.0,1.0
24.999999999999943,3.8827607867833946,1.5461573004525315,0.1341854326797615,7.143927321140177,0.0491135573380625,86.29054179936205,0.0,0.0,0.0,0.0,1.0,1.0
25.199999999999942,3.899873304520183,1.5461573004525315,0.13458187264620997,7.133338772781539,0.049118538654503885,86.09895981804164,0.0,0.0,0.0,0.0,1.0,1.0
25.39999999999994,3.916965068326259,1.5461573004525315,0.13498750136372883,7.122480610793244,0.049123470817051096,85.90667883724029,0.0,0.0,0.0,0.0,1.0,1.0
25.59999999999994,3.9340360919102024,1.5461573004525315,0.13540278005321163,7.111561953831484,0.049128354566039645,85.71369895609128,0.0,0.0,0.0,0.0,1.0,1.0
25.79999999999994,3.9510863884176426,1.5461573004525315,0.1358280158987033,7.100794437376703,0.04913319064141264,85.5200202485367,0.0,0.0,0.0,0.0,1.0,1.0
25.99999999999994,3.9681159706145133,1.5461573004525315,0.13626334354155184,7.089741129752002,0.04913797975934964,85.32564277419918,0.0,0.0,0.0,0.0,1.0,1.0
26.19999999999994,3.985124851092006,1.5461573004525315,0.13670928561301093,7.078830076016332,0.04914272261176586,85.13056655341894,0.0,0.0,0.0,0.0,1.0,1.0
26.399999999999938,4.002113041806941,1.5461573004525315,0.13716600141590657,7.0676210845720755,0.04914741990026841,84.93479159035049,0.0,0.0,0.0,0.0,1.0,1.0
26.599999999999937,4.019080554513093,1.5461573004525315,0.1376340614555722,7.056544832371451,0.04915207229136678,84.73831784630633,0.0,0.0,0.0,0.0,1.0,1.0
26.799999999999937,4.036027400274085,1.5461573004525315,0.13811365399262615,7.045157165939234,0.04915668046304955,84.5411452642333,0.0,0.0,0.0,0.0,1.0,1.0
26.999999999999936,4.052953589917268,1.5461573004525315,0.13860540429206533,7.033891929634382,0.049161245057848996,84.3432737401745,0.0,0.0,0.0,0.0,1.0,1.0
27.199999999999935,4.069859133516021,1.5461573004525315,0.1391095347991832,7.022300245693996,0.04916576673165912,84.1447031492472,0.0,0.0,0.0,0.0,1.0,1.0
27.399999999999935,4.086744040868099,1.5461573004525315,0.13962673378457321,7.0108196863896195,0.04917024610443996,83.94543331500371,0.0,0.0,0.0,0.0,1.0,1.0
27.599999999999934,4.1036083209438265,1.5461573004525315,0.14015726428432962,6.998995812592448,0.04917468381150947,83.74546403704625,0.0,0.0,0.0,0.0,1.0,1.0
27.799999999999933,4.120451982391103,1.5461573004525315,0.1407018875286921,6.987270513355913,0.04917908045164493,83.54479505802921,0.0,0.0,0.0,0.0,1.0,1.0
27.999999999999932,4.137275032945269,1.5461573004525315,0.14126091505956476,6.975182858693107,0.04918343664112282,83.3434260930616,0.0,0.0,0.0,0.0,1.0,1.0
28.199999999999932,4.154077479963214,1.5461573004525315,0.14183519318773813,6.963179674759281,0.049187752958933295,83.14135679404579,0.0,0.0,0.0,0.0,1.0,1.0
28.39999999999993,4.170859329789952,1.5461573004525315,0.142425091827077,6.950792496269358,0.04919203000388492,82.93858678103425,0.0,0.0,0.0,0.0,1.0,1.0
28.59999999999993,4.187620588324498,1.5461573004525315,0.1430315572695429,6.938473740673201,0.0491962683366072,82.73511560354058,0.0,0.0,0.0,0.0,1.0,1.0
28.79999999999993,4.204361260337211,1.5461573004525315,0.14365503021946663,6.925746218877514,0.04920046854008753,82.53094277403467,0.0,0.0,0.0,0.0,0.9471321,1.0
28.99999999999993,4.220333488888849,1.5461573004525315,0.14429660951430015,6.913472131667694,0.0492402066538708,82.32609748393665,0.0,0.0,0.0,0.0,0.8705396,1.0
29.19999999999993,4.235148768204942,1.5461573004525315,0.14495634534875274,6.901022830748624,0.04929790954411073,82.12062439506037,0.0,0.0,0.0,0.0,0.7947084,1.0
29.399999999999928,4.248722777055679,1.5461573004525315,0.14563511914767563,6.890571457754971,0.049358983138791085,81.91457148814526,0.0,0.0,0.0,0.0,0.7218796,1.0
29.599999999999927,4.261160210554156,1.5461573004525315,0.14633082647148193,6.8800761803652435,0.04941453306553009,81.70798274379658,0.0,0.0,0.0,0.0,0.64995766,1.0
29.799999999999926,4.2724782140871955,1.5461573004525315,0.14704407482688991,6.870474831460545,0.04946878300867413,81.5009014443005,0.0,0.0,0.0,0.0,0.57974666,1.0
29.999999999999925,4.282705991371784,1.5461573004525315,0.1477741261990936,6.86176509009686,0.04952122507022433,81.29336978586892,0.0,0.0,0.0,0.0,0.51119816,1.0
30.199999999999925,4.291871660068885,1.5461573004525315,0.14852016758698852,6.853944337209799,0.049571968343586126,81.08542892792602,0.0,0.0,0.0,0.0,0.4442737,1.0
30.399999999999924,4.300002429241706,1.5461573004525315,0.1492813132822906,6.846367104907119,0.04962110846657092,80.87711903499269,0.0,0.0,0.0,0.0,0.36372852,1.0
30.599999999999923,4.306891094938004,1.5461573004525315,0.15005761765536962,6.842189513255216,0.0496795971253666,80.66848855688134,0.0,0.0,0.0,0.0,0.31673223,1.0
30.799999999999923,4.313054656321695,1.5461573004525315,0.1508441161066211,6.837002219549908,0.04971378141458302,80.45956570657314,0.0,0.0,0.0,0.0,0.25474262,1.0
30.999999999999922,4.318203344377847,1.5461573004525315,0.1516426430022901,6.831770733453092,0.049761250970997734,80.25039015048779,0.0,0.0,0.0,0.0,0.1933359,1.0
31.19999999999992,4.322163312177044,1.5461573004525315,0.15245356434560647,6.82735593893491,0.04981659187938181,80.04100849696668,0.0,0.0,0.0,0.0,0.13355534,1.0
31.39999999999992,4.325200411073323,1.5461573004525315,0.1532758260304905,6.82388965807083,0.04985946394539409,79.8314568583473,0.0,0.0,0.0,0.0,0.07117568,1.0
31.59999999999992,4.327275354077736,1.5461573004525315,0.1538013734900435,6.8213383617953705,0.049904053324368425,79.62177314804282,0.0,0.0,0.0,0.0,0.035772778,1.0
31.79999999999992,4.328805322131183,1.5461573004525315,0.15422067650328639,6.8211443318928895,0.04992928723373219,79.41197879492567,0.0,0.0,0.0,0.0,0.005021559,1.0
31.99999999999992,4.329861294430875,1.5461573004525315,0.1544157163408397,6.82150927717593,0.04995121183693366,79.20209275706777,0.0,0.0,0.0,0.0,0.0,1.0
32.19999999999992,4.330826829504551,1.5461573004525315,0.1546108441435407,6.8219496844251255,0.04995540110834876,78.9921187532082,0.0,0.0,0.0,0.0,0.0,1.0
32.39999999999992,4.33179228435664,1.5461573004525315,0.15480603028874718,6.82238924281333,0.04995541475611487,78.7820569044807,0.0,0.0,0.0,0.0,0.0,1.0
32.59999999999992,4.332757658988654,1.5461573004525315,0.15500127488693116,6.8228279524317,0.04995542839690165,78.57190733219366,0.0,0.0,0.0,0.0,0.0,1.0
32.799999999999926,4.333722953402099,1.5461573004525315,0.155196578049261,6.823265813361737,0.04995544203071489,78.36167015783496,0.0,0.0,0.0,0.0,0.0,1.0
32.99999999999993,4.334688167598472,1.5461573004525315,0.1553919398876046,6.823702825675278,0.04995545565756043,78.15134550307678,0.0,0.0,0.0,0.0,0.0,1.0
33.19999999999993,4.335653301579261,1.5461573004525315,0.1555873605145326,6.824138989434486,0.04995546927744407,77.94093348978048,0.0,0.0,0.0,0.0,0.0,1.0
33.399999999999935,4.336618355345946,1.5461573004525315,0.1557828400433216,6.824574304691841,0.049955482890371605,77.73043424000156,0.0,0.0,0.0,0.0,0.0,1.0
33.59999999999994,4.337583328900002,1.5461573004525315,0.15597837858795757,6.825008771490127,0.049955496496348756,77.51984787599469,0.0,0.0,0.0,0.0,0.0,1.0
33.79999999999994,4.338548222242893,1.5461573004525315,0.156173976263139,6.82544238986243,0.04995551009538135,77.30917452021878,0.0,0.0,0.0,0.0,0.0,1.0
33.99999999999994,4.3395130353760765,1.5461573004525315,0.1563696331842803,6.825875159832116,0.049955523687475134,77.09841429534207,0.0,0.0,0.0,0.0,0.0,1.0
34.199999999999946,4.340477768301001,1.5461573004525315,0.15656534946751502,6.82630708141283,0.04995553727263585,76.88756732424739,0.0,0.0,0.0012949333,0.0,0.0,1.0
34.39999999999995,4.341442421019108,1.5461573004525315,0.1567611252296994,6.82673815460848,0.04995555085086936,76.67663373003737,0.0,0.0,0.002991219,0.0,0.0,1.0
34.59999999999995,4.34240699353183,1.5461573004525315,0.15695696058841557,6.827168379413227,0.04995556442218135,76.46561363603979,0.0,0.0,0.0046914043,0.0,0.0,1.0
34.799999999999955,4.34337148584059,1.5461573004525315,0.157152855661975,6.827597755811473,0.049955577986577626,76.25450716581298,0.0,0.0,0.0063953754,0.0,0.0,1.0
34.99999999999996,4.344335897946807,1.5461573004525315,0.15734881056942196,6.828026283777849,0.049955591544063815,76.04331444315126,0.0,0.0,0.008103007,0.0,0.0,1.0
35.19999999999996,4.345300229851886,1.5461573004525315,0.1575448254305369,6.828453963277204,0.04995560509464586,75.83203559209046,0.0,0.0,0.009814242,0.0,0.0,1.0
35.39999999999996,4.3462644815572276,1.5461573004525315,0.15774090036583996,6.828880794264591,0.049955618638329424,75.62067073691355,0.0,0.0,0.011528941,0.0,0.0,1.0
35.599999999999966,4.347228653064223,1.5461573004525315,0.1579370354965944,6.829306776685255,0.04995563217512017,75.40922000215629,0.0,0.0,0.013247035,0.0,0.0,1.0
35.79999999999997,4.348192744374254,1.5461573004525315,0.1581332309448102,6.829731910474619,0.04995564570502395,75.19768351261295,0.0,0.0,0.014968414,0.0,0.0,1.0
35.99999999999997,4.349156755488695,1.5461573004525315,0.15832948683324746,6.830156195558271,0.049955659228046456,74.9860613933422,0.0,0.0,0.016692953,0.0,0.0,1.0
36.199999999999974,4.350120686408912,1.5461573004525315,0.1585258032854201,6.83057963185195,0.049955672744193436,74.7743537696729,0.0,0.0,0.018420564,0.0,0.0,1.0
36.39999999999998,4.351084537136262,1.5461573004525315,0.1587221804255993,6.831002219261534,0.04995568625347055,74.56256076721014,0.0,0.0,0.02015124,0.0,0.0,1.0
36.59999999999998,4.352048307672092,1.5461573004525315,0.15891861837881716,6.831423957683024,0.049955699755883654,74.35068251184126,0.0,0.0,0.021884726,0.0,0.0,1.0
36.79999999999998,4.353011998017742,1.5461573004525315,0.1591151172708703,6.831844847002526,0.049955713251438355,74.13871912974196,0.0,0.0,0.02362105,0.0,0.0,1.0
36.999999999999986,4.353975608174542,1.5461573004525315,0.15931167722832357,6.832264887096243,0.04995572674014043,73.92667074738254,0.0,0.0,0.02536008,0.0,0.0,1.0
37.19999999999999,4.3549391381438145,1.5461573004525315,0.15950829837851363,6.8326840778304545,0.04995574022199556,73.71453749153417,0.0,0.0,0.027101716,0.0,0.0,1.0
37.39999999999999,4.355902587926872,1.5461573004525315,0.15970498084955267,6.833102419061502,0.04995575369700947,73.50231948927525,0.0,0.0,0.028845811,0.0,0.0,1.0
37.599999999999994,4.356865957525018,1.5461573004525315,0.15990172477033215,6.833519910635776,0.0499557671651879,73.29001686799788,0.0,0.0,0.03059235,0.0,0.0,1.0
37.8,4.357829246939549,1.5461573004525315,0.16009853027052648,6.8339365523896936,0.049955780626536495,73.07762975541439,0.0,0.0,0.03234121,0.0,0.0,1.0
38.0,4.3587924561717495,1.5461573004525315,0.16029539748059685,6.834352344149689,0.049955794081061045,72.865158279564,0.0,0.0,0.034092277,0.0,0.0,1.0
38.2,4.359755585222897,1.5461573004525315,0.16049232653179496,6.834767285732193,0.049955807528767104,72.65260256881952,0.0,0.0,0.035845455,0.0,0.0,1.0
38.400000000000006,4.360718634094258,1.5461573004525315,0.16068931755616686,6.835181376943614,0.04995582096966053,72.43996275189416,0.0,0.0,0.037600655,0.0,0.0,1.0
38.60000000000001,4.361681602787092,1.5461573004525315,0.1608863706865568,6.835594617580326,0.0499558344037469,72.22723895784846,0.0,0.0,0.039357796,0.0,0.0,1.0
38.80000000000001,4.362644491302648,1.5461573004525315,0.16108348605661107,6.8360070074286465,0.04995584783103191,72.01443131609726,0.0,0.0,0.041116785,0.0,0.0,1.0
39.000000000000014,4.363607299642164,1.5461573004525315,0.16128066380078188,6.836418546264818,0.04995586125152135,71.80153995641686,0.0,0.0,0.04287749,0.0,0.0,1.0
39.20000000000002,4.364570027806873,1.5461573004525315,0.16147790405433124,6.836829233854995,0.04995587466522078,71.58856500895214,0.0,0.0,0.04463986,0.0,0.0,1.0
39.40000000000002,4.365532675797994,1.5461573004525315,0.16167520695333498,6.837239069955217,0.04995588807213591,71.37550660422394,0.0,0.0,0.046403762,0.0,0.0,1.0
39.60000000000002,4.36649524361674,1.5461573004525315,0.16187257263468666,6.837648054311398,0.04995590147227247,71.1623648731364,0.0,0.0,0.048169136,0.0,0.0,1.0
39.800000000000026,4.367457731264311,1.5461573004525315,0.16207000123610152,6.838056186659299,0.04995591486563605,70.9491399469845,0.0,0.0,0.049935866,0.0,0.0,1.0
40.00000000000003,4.368420138741902,1.5461573004525315,0.1622674928961206,6.838463466724516,0.04995592825223233,70.73583195746167,0.0,0.0,0.05170389,0.0,0.0,1.0
40.20000000000003,4.369382466050694,1.5461573004525315,0.1624650477541147,6.838869894222455,0.04995594163206704,70.52244103666752,0.0,0.0,0.053473044,0.0,0.0,1.0
40.400000000000034,4.3703447131918605,1.5461573004525315,0.1626626659502884,6.839275468858313,0.04995595500514577,70.30896731711566,0.0,0.0,0.055243265,0.0,0.0,1.0
40.60000000000004,4.371306880166564,1.5461573004525315,0.16286034762568424,6.839680190327057,0.04995596837147426,70.09541093174167,0.0,0.0,0.057014514,0.0,0.0,1.0
40.80000000000004,4.372268966975959,1.5461573004525315,0.16305809292218687,6.840084058313402,0.04995598173105806,69.88177201391112,0.0,0.0,0.058786612,0.0,0.0,1.0
41.00000000000004,4.373230973621188,1.5461573004525315,0.1632559019825271,6.840487072491795,0.04995599508390289,69.66805069742782,0.0,0.0,0.06055952,0.0,0.0,1.0
41.200000000000045,4.374192900103385,1.5461573004525315,0.1634537749502861,6.840889232526386,0.049956008430014354,69.45424711654204,0.0,0.0,0.062333144,0.0,0.0,1.0
41.40000000000005,4.375154746423672,1.5461573004525315,0.16365171196989964,6.841290538071011,0.0499560217693982,69.24036140595899,0.0,0.0,0.06410733,0.0,0.0,1.0
41.60000000000005,4.376116512583166,1.5461573004525315,0.16384971318666228,6.841736473761262,0.0499560351020599,69.02639370084738,0.0,0.0,0.06587964,0.0,0.0,1.0
41.800000000000054,4.377078198582968,1.5461573004525315,0.1640477607295303,6.843748530499613,0.04995604842800516,68.81234414162533,0.0,0.0,0.06756931,0.0,0.0,1.0
42.00000000000006,4.378039804425416,1.5461573004525315,0.1642452348685835,6.845013693964226,0.04995606174718284,68.59821303323987,0.0,0.0,0.06929573,0.0,0.0,1.0
42.20000000000006,4.379001330155684,1.5461573004525315,0.16444243064597885,6.84627968975106,0.04995607505764127,68.38400060230187,0.0,0.0,0.071020626,0.0,0.0,1.0
42.40000000000006,4.379962775798546,1.5461573004525315,0.16463934751201936,6.847546523015753,0.04995608836031898,68.16970707562142,0.0,0.0,0.072743945,0.0,0.0,1.0
42.600000000000065,4.380924141378817,1.5461573004525315,0.164835984919655,6.848814198896681,0.0499561016552203,67.95533268021825,0.0,0.0,0.074465565,0.0,0.0,1.0
42.80000000000007,4.381885426921347,1.5461573004525315,0.16503234232449338,6.850082722515176,0.049956114942349694,67.7408776433322,0.0,0.0,0.07618549,0.0,0.0,1.0
43.00000000000007,4.3828466324510185,1.5461573004525315,0.16522841918481027,6.851352098975736,0.04995612822171175,67.52634219243387,0.0,0.0,0.07790351,0.0,0.0,1.0
43.200000000000074,4.383807757992753,1.5461573004525315,0.16542421496156004,6.852622333366257,0.04995614149331082,67.31172655523541,0.0,0.0,0.07961962,0.0,0.0,1.0
43.40000000000008,4.384768803571507,1.5461573004525315,0.16561972911838602,6.85389343075824,0.04995615475715137,67.0970309597014,0.0,0.0,0.08133375,0.0,0.0,1.0
43.60000000000008,4.385729769212273,1.5461573004525315,0.16581496112163055,6.855165396207024,0.04995616801323788,66.88225563405989,0.0,0.0,0.083045766,0.0,0.0,1.0
43.80000000000008,4.386690654940076,1.5461573004525315,0.16600991044034513,6.8564382347520025,0.049956181261574834,66.66740080681362,0.0,0.0,0.08475559,0.0,0.0,1.0
44.000000000000085,4.387651460779979,1.5461573004525315,0.16620457654630028,6.857711951416844,0.04995619450216665,66.45246670675131,0.0,0.0,0.08646322,0.0,0.0,1.0
44.20000000000009,4.388612186757077,1.5461573004525315,0.16639895891399528,6.858986551209723,0.049956207735017855,66.23745356295916,0.0,0.0,0.08816848,0.0,0.0,1.0
44.40000000000009,4.3895728328965005,1.5461573004525315,0.16659305702066796,6.860262039123538,0.049956220960132997,66.02236160483247,0.0,0.0,0.08987136,0.0,0.0,1.0
44.600000000000094,4.3905333992234175,1.5461573004525315,0.16678687034630404,6.861538420136139,0.04995623417751638,65.80719106208741,0.0,0.0,0.09157174,0.0,0.0,1.0
44.8000000000001,4.391493885763026,1.5461573004525315,0.16698039837364667,6.862815699210558,0.049956247387172664,65.59194216477297,0.0,0.0,0.093269594,0.0,0.0,1.0
45.0000000000001,4.39245429254056,1.5461573004525315,0.1671736405882056,6.864093881295232,0.049956260589106266,65.37661514328306,0.0,0.0,0.094964795,0.0,0.0,1.0
45.2000000000001,4.393414619581286,1.5461573004525315,0.1673665964782664,6.8653729713242315,0.04995627378332168,65.16121022836876,0.0,0.0,0.09665733,0.0,0.0,1.0
45.400000000000105,4.394374866910507,1.5461573004525315,0.16755926553489933,6.866652974217492,0.04995628696982335,64.94572765115076,0.0,0.0,0.09834706,0.0,0.0,1.0
45.60000000000011,4.395335034553557,1.5461573004525315,0.1677516472519683,6.867933894881041,0.049956300148615934,64.73016764313196,0.0,0.0,0.10003396,0.0,0.0,1.0
45.80000000000011,4.396295122535802,1.5461573004525315,0.1679437411261396,6.8692157382072345,0.04995631331970385,64.51453043621026,0.0,0.0,0.101717964,0.0,0.0,1.0
46.000000000000114,4.397255130882645,1.5461573004525315,0.16813554665689046,6.870498509074981,0.04995632648309156,64.29881626269149,0.0,0.0,0.10339896,0.0,0.0,1.0
46.20000000000012,4.398215059619518,1.5461573004525315,0.1683270633465175,6.871782212349981,0.04995633963878368,64.08302535530255,0.0,0.0,0.10507692,0.0,0.0,1.0
46.40000000000012,4.399174908771887,1.5461573004525315,0.1685182907001452,6.873066852884958,0.049956352786784675,63.86715794720478,0.0,0.0,0.10675178,0.0,0.0,1.0
46.60000000000012,4.400134678365253,1.5461573004525315,0.1687092282257339,6.874352435519893,0.04995636592709907,63.651214272007415,0.0,0.0,0.108423464,0.0,0.0,1.0
46.800000000000125,4.401094368425146,1.5461573004525315,0.168899875434088,6.875638965082261,0.04995637905973144,63.435194563781344,0.0,0.0,0.11009192,0.0,0.0,1.0
47.00000000000013,4.402053978977127,1.5461573004525315,0.16909023183886385,6.876926446387265,0.04995639218468634,63.219099057072995,0.0,0.0,0.11175706,0.0,0.0,1.0
47.20000000000013,4.403013510046793,1.5461573004525315,0.16928029695657756,6.878214884238077,0.04995640530196821,63.00292798691846,0.0,0.0,0.113418885,0.0,0.0,1.0
47.400000000000134,4.403972961659769,1.5461573004525315,0.16947007030661268,6.879504283426075,0.04995641841158166,62.78668158885782,0.0,0.0,0.115077265,0.0,0.0,1.0
47.600000000000136,4.404932333841715,1.5461573004525315,0.16965955141122765,6.880794648731079,0.049956431513531185,62.570360098949685,0.0,0.0,0.11673217,0.0,0.0,1.0
47.80000000000014,4.405891626618318,1.5461573004525315,0.1698487397955633,6.882085984921597,0.04995644460782142,62.35396375378594,0.0,0.0,0.11838355,0.0,0.0,1.0
48.00000000000014,4.406850840015299,1.5461573004525315,0.17003763498765004,6.883378296755059,0.049956457694456835,62.13749279050673,0.0,0.0,0.38345125,0.0,0.0,0.9119792
48.200000000000145,4.407809974058409,1.5461573004525315,0.17022623651841495,6.884671588978065,0.04995647077344198,61.92094744681565,0.0,0.0,0.385205,0.0,0.0,0.90133315
48.40000000000015,4.408769028773431,1.5461573004525315,0.1704145439216889,6.885965866326627,0.04995648384478152,61.70432796099523,0.0,0.0,0.38695198,0.0,0.0,0.89074403
48.60000000000015,4.409728004186176,1.5461573004525315,0.17060255673421323,6.887261133526407,0.04995649690848,61.487634571922534,0.0,0.0,0.38869205,0.0,0.0,0.8802114
48.80000000000015,4.410686900322486,1.5461573004525315,0.1707902744956466,6.888557395292971,0.04995650996454193,61.270867519085144,0.0,0.0,0.39042518,0.0,0.0,0.8697343
49.000000000000156,4.411645717208233,1.5461573004525315,0.1709776967485715,6.889854656332027,0.04995652301297193,61.0540270425973,0.0,0.0,0.3921514,0.0,0.0,0.8593149
49.20000000000016,4.412604454869321,1.5461573004525315,0.1711648230385007,6.891152921339673,0.04995653605377451,60.83711338321633,0.0,0.0,0.39387062,0.0,0.0,0.8489513
49.40000000000016,4.413563113331681,1.5461573004525315,0.17135165291388355,6.89245219500265,0.04995654908695432,60.620126782359314,0.0,0.0,0.39558282,0.0,0.0,0.83864224
49.600000000000165,4.414521692621274,1.5461573004525315,0.17153818592611222,6.893752481998583,0.049956562112515895,60.40306748212007,0.0,0.0,0.3972881,0.0,0.0,0.8283912
49.80000000000017,4.4154801927640905,1.5461573004525315,0.1717244216295276,6.895053786996237,0.04995657513046378,60.185935725286335,0.0,0.0,0.39898625,0.0,0.0,0.81819564
50.00000000000017,4.41643861378615,1.5461573004525315,0.17191035958142536,6.8963561146557595,0.04995658814080259,59.96873175535727,0.0,0.0,0.40067738,0.0,0.0,0.8080557
50.20000000000017,4.417396955713501,1.5461573004525315,0.17209599934206157,6.897659469628941,0.04995660114353678,59.751455816561254,0.0,0.0,0.40236154,0.0,0.0,0.79797196
50.400000000000176,4.418355218572221,1.5461573004525315,0.17228134047465837,6.89896385655946,0.04995661413867092,59.534108153873966,0.0,0.0,0.4040385,0.0,0.0,0.7879426
50.60000000000018,4.419313402388414,1.5461573004525315,0.17246638254540947,6.9002692800831396,0.04995662712620949,59.31668901303672,0.0,0.0,0.4057084,0.0,0.0,0.77797014
50.80000000000018,4.420271507188215,1.5461573004525315,0.17265112512348552,6.901575744828202,0.04995664010615686,59.099198640575175,0.0,0.0,0.4073712,0.0,0.0,0.768053
51.000000000000185,4.421229532997783,1.5461573004525315,0.17283556778103928,6.90288325541552,0.04995665307851738,58.881637283818286,0.0,0.0,0.4090269,0.0,0.0,0.75819176
51.20000000000019,4.422187479843309,1.5461573004525315,0.17301971009321074,6.904191816458879,0.04995666604329521,58.66400519091765,0.0,0.0,0.4106755,0.0,0.0,0.7483846
51.40000000000019,4.42314534775101,1.5461573004525315,0.173203551638132,6.905501432565227,0.0499566790004943,58.4463026108671,0.0,0.0,0.4123169,0.0,0.0,0.73863345
51.60000000000019,4.42410313674713,1.5461573004525315,0.17338709199693214,6.90681210833494,0.049956691950118315,58.22852979352268,0.0,0.0,0.41395125,0.0,0.0,0.7289372
51.800000000000196,4.425060846857939,1.5461573004525315,0.17357033075374184,6.908123848362072,0.04995670489217052,58.01068698962296,0.0,0.0,0.4155784,0.0,0.0,0.7192956
52.0000000000002,4.426018478109736,1.5461573004525315,0.17375326749569794,6.909436657234625,0.049956717826653535,57.792774450809674,0.0,0.0,0.41719842,0.0,0.0,0.7097091
52.2000000000002,4.426976030528846,1.5461573004525315,0.17393590181294782,6.910750539534803,0.04995673075356902,57.57479242964873,0.0,0.0,0.4188113,0.0,0.0,0.7001769
52.400000000000205,4.42793350414162,1.5461573004525315,0.1741182332986537,6.912065499839273,0.0499567436729175,57.3567411796516,0.0,0.0,0.42041704,0.0,0.0,0.6906994
52.60000000000021,4.428890898974437,1.5461573004525315,0.17430026154899667,6.913381542719435,0.04995675658469742,57.13862095529706,0.0,0.0,0.4220156,0.0,0.0,0.6812761
52.80000000000021,4.429848215053699,1.5461573004525315,0.17448198616318078,6.914698672741676,0.049956769488904706,56.920432012053304,0.0,0.0,0.42360705,0.0,0.0,0.6719068
53.00000000000021,4.430805452405836,1.5461573004525315,0.17466340674343686,6.916016894467645,0.049956782385531445,56.70217460640051,0.0,0.0,0.42519137,0.0,0.0,0.6625923
53.200000000000216,4.431762611057303,1.5461573004525315,0.1748445228950262,6.91733621245451,0.049956795274564314,56.48384899585374,0.0,0.0,0.42676854,0.0,0.0,0.6533312
53.40000000000022,4.432719691034583,1.5461573004525315,0.17502533422624414,6.918656631255229,0.049956808155982274,56.265455438986265,0.0,0.0,0.42833853,0.0,0.0,0.6441232
53.60000000000022,4.4336766923641795,1.5461573004525315,0.17520584034842354,6.919978155418817,0.04995682102975349,56.046994195453344,0.0,0.0,0.4299014,0.0,0.0,0.63496995
53.800000000000225,4.434633615072625,1.5461573004525315,0.17538604087593812,6.9213007894906164,0.049956833895830666,55.828465526016394,0.0,0.0,0.4314572,0.0,0.0,0.625869
54.00000000000023,4.435590459186475,1.5461573004525315,0.17556593542620555,6.922624538012561,0.04995684675414469,55.60986969256763,0.0,0.0,0.43300584,0.0,0.0,0.61682194
54.20000000000023,4.436547224732309,1.5461573004525315,0.17574552361969054,6.923949405523453,0.049956859604596254,55.39120695815514,0.0,0.0,0.43454736,0.0,0.0,0.6078278
54.40000000000023,4.437503911736733,1.5461573004525315,0.17592480507990776,6.925275396559233,0.04995687244704272,55.172477587008416,0.0,0.0,0.43608174,0.0,0.0,0.5988856
54.600000000000236,4.438460520226375,1.5461573004525315,0.17610377943342462,6.926602515653249,0.04995688528128131,54.953681844564386,0.0,0.0,0.43760914,0.0,0.0,0.58999765
54.80000000000024,4.439417050227889,1.5461573004525315,0.1762824463098638,6.927930767336534,0.049956898107026027,54.7348199974939,0.0,0.0,0.43912935,0.0,0.0,0.5811618
55.00000000000024,4.440373501767952,1.5461573004525315,0.17646080534190592,6.929260156138078,0.04995691092387275,54.51589231372873,0.0,0.0,0.4406425,0.0,0.0,0.5723775
55.200000000000244,4.441329874873263,1.5461573004525315,0.17663885616529176,6.9305906865851075,0.0499569237312536,54.29689906248906,0.0,0.0,0.4421486,0.0,0.0,0.56364536
55.40000000000025,4.442286169570547,1.5461573004525315,0.17681659841882463,6.931922363203357,0.0499569365283751,54.07784051431155,0.0,0.0,0.44364765,0.0,0.0,0.55496573
55.60000000000025,4.44324238588655,1.5461573004525315,0.1769940317443724,6.933255190517352,0.049956949314130084,53.85871694107787,0.0,0.0,0.44513968,0.0,0.0,0.5463375
55.80000000000025,4.444198523848042,1.5461573004525315,0.1771711557868694,6.934589173050681,0.049956962086974144,53.6395286160438,0.0,0.0,0.44662473,0.0,0.0,0.5377605
56.000000000000256,4.445154583481816,1.5461573004525315,0.17734797019431844,6.935924315326282,0.049956974844764274,53.4202758138689,0.0,0.0,0.44810268,0.0,0.0,0.52923536
56.20000000000026,4.446110564814686,1.5461573004525315,0.1775244746177924,6.93726062186672,0.04995698758453432,53.20095881064677,0.0,0.0,0.44957367,0.0,0.0,0.5207604
56.40000000000026,4.447066467873488,1.5461573004525315,0.17770066871143575,6.9385980971944665,0.049957000302171345,52.98157788393588,0.0,0.0,0.45103768,0.0,0.0,0.512337
56.600000000000264,4.448022292685082,1.5461573004525315,0.17787655213246617,6.939936745832188,0.049957012992022126,52.76213331279098,0.0,0.0,0.45249477,0.0,0.0,0.50396353
56.80000000000027,4.4489780392763505,1.5461573004525315,0.17805212454117572,6.9412765723030265,0.049957025646277936,52.5426253777952,0.0,0.0,0.45394483,0.0,0.0,0.49564117
57.00000000000027,4.4499337076741945,1.5461573004525315,0.17822738560093207,6.942617581130881,0.04995703825424877,52.32305436109267,0.0,0.0,0.455388,0.0,0.0,0.48736906
57.20000000000027,4.4508892979055386,1.5461573004525315,0.17840233497817953,6.943959776840699,0.04995705080125523,52.10342054642195,0.0,0.0,0.45682424,0.0,0.0,0.4791469
57.400000000000276,4.451844809997327,1.5461573004525315,0.17857697234244005,6.945303163958763,0.04995706326721985,51.883724219149954,0.0,0.0,0.4582536,0.0,0.0,0.47097445
57.60000000000028,4.452800243976528,1.5461573004525315,0.17875129736631393,6.946647747012974,0.04995707562474308,51.66396566630668,0.0,0.0,0.45967606,0.0,0.0,0.46285117
57.80000000000028,4.453755599870126,1.5461573004525315,0.17892530972548049,6.947993530533145,0.0499570878364759,51.44414517662061,0.0,0.0,0.46109167,0.0,0.0,0.45477837
58.000000000000284,4.454710877705131,1.5461573004525315,0.1790990090986987,6.9493405190512885,0.049957099851795056,51.2242630405548,0.0,0.0,0.46250042,0.0,0.0,0.4467533
58.20000000000029,4.455666077508569,1.5461573004525315,0.17927239516780744,6.95068871710191,0.04995711160162855,51.004319550343745,0.0,0.0,0.46390232,0.0,0.0,0.43877748
58.40000000000029,4.456621199307489,1.5461573004525315,0.1794454676177259,6.952038129222298,0.04995712299291191,50.78431500003098,0.0,0.0,0.46529743,0.0,0.0,0.4308499
58.60000000000029,4.457576243128958,1.5461573004525315,0.17961822613645373,6.953388759952818,0.049957133899527745,50.564249685507455,0.0,0.0,0.46668574,0.0,0.0,0.4229725
58.800000000000296,4.458531209000065,1.5461573004525315,0.179790670415071,6.954740613837209,0.04995714415221397,50.34412390455075,0.0,0.0,0.4680673,0.0,0.0,0.41514176
59.0000000000003,4.4594860969479155,1.5461573004525315,0.1799628001477381,6.956093695422876,0.049957153521362735,50.12393795686503,0.0,0.0,0.4694421,0.0,0.0,0.40735957
59.2000000000003,4.4604409069996365,1.5461573004525315,0.18013461503169562,6.957448009261188,0.04995716170053005,49.90369214412191,0.0,0.0,0.47081015,0.0,0.0,0.39962485
59.400000000000304,4.461395639182373,1.5461573004525315,0.18030611476726388,6.958803559907776,0.04995716827744248,49.68338677000217,0.0,0.0,0.47217146,0.0,0.0,0.3919385
59.60000000000031,4.462350293523289,1.5461573004525315,0.18047729905784252,6.960160351922833,0.04995717270220898,49.4630221402383,0.0,0.0,0.4735696,0.0,0.0,0.38613388
59.80000000000031,4.463304870049568,1.5461573004525315,0.18064816760990987,6.961518389871411,0.049957177223087595,49.24259856265802,0.0,0.0,0.474976,0.0,0.0,0.38098335
60.00000000000031,4.4642593687884125,1.5461573004525315,0.18081872013302228,6.962877678323722,0.04995718089071027,49.02211634722869,0.0,0.0,0.4763758,0.0,0.0,0.37586498
60.200000000000315,4.46521378976704,1.5461573004525315,0.1809889563398132,6.964238221855448,0.049957182575307096,48.80157580610271,0.0,0.0,0.47776908,0.0,0.0,0.3707778
60.40000000000032,4.466168133012688,1.5461573004525315,0.18115887594599228,6.965600025048032,0.04995718185645809,48.58097725366389,0.0,0.0,0.47915584,0.0,0.0,0.3657208
60.60000000000032,4.467122398552611,1.5461573004525315,0.18132847867034418,6.966963092488992,0.04995717822721482,48.36032100657478,0.0,0.0,0.480536,0.0,0.0,0.36069602
60.800000000000324,4.4680765864140835,1.5461573004525315,0.18149776423472752,6.968327428772224,0.049957171088715474,48.13960738382514,0.0,0.0,0.4819097,0.0,0.0,0.3557018
61.00000000000033,4.469030696624396,1.5461573004525315,0.18166673236407335,6.969693038498307,0.04995715970936285,47.91883670678136,0.0,0.0,0.48327678,0.0,0.0,0.35073864
61.20000000000033,4.469984729210853,1.5461573004525315,0.18183538278638386,6.971059926274813,0.04995714322133854,47.69800929923709,0.0,0.0,0.48463723,0.0,0.0,0.34580564
61.40000000000033,4.47093868420078,1.5461573004525315,0.1820037152327307,6.972428096716615,0.04995712057760232,47.477125487464875,0.0,0.0,0.48599124,0.0,0.0,0.34090322
61.600000000000335,4.471892561621518,1.5461573004525315,0.18217172943725338,6.9737975544462,0.04995709053446004,47.25618560026905,0.0,0.0,0.48733857,0.0,0.0,0.33603084
61.80000000000034,4.472846361500424,1.5461573004525315,0.1823394251371573,6.975168304093977,0.04995705160071065,47.03518996903975,0.0,0.0,0.48867926,0.0,0.0,0.3311898
62.00000000000034,4.473800083864872,1.5461573004525315,0.18250680207271205,6.976540350298592,0.04995700201957606,46.81413892780819,0.0,0.0,0.49001345,0.0,0.0,0.3263775
62.200000000000344,4.474753728742252,1.5461573004525315,0.18267385998724914,6.9779136977072405,0.049956939646289,46.59303281330315,0.0,0.0,0.4913409,0.0,0.0,0.32159567
62.40000000000035,4.475707296159968,1.5461573004525315,0.18284059862715996,6.979288350975986,0.04995686199182317,46.3718719650088,0.0,0.0,0.4926618,0.0,0.0,0.3168442
62.60000000000035,4.476660786145443,1.5461573004525315,0.18300701774189349,6.980664314770072,0.049956766077270315,46.150656725223826,0.0,0.0,0.4939761,0.0,0.0,0.31212196
62.80000000000035,4.477614198726111,1.5461573004525315,0.18317311708395384,6.982041593764242,0.049956648339544635,45.9293874391219,0.0,0.0,0.4952837,0.0,0.0,0.3074289
63.000000000000355,4.478567533929426,1.5461573004525315,0.1833388964088978,6.9834201926430595,0.04995650457651918,45.708064454813616,0.0,0.0,0.49658468,0.0,0.0,0.30276653
63.20000000000036,4.479520791782854,1.5461573004525315,0.18350435547533217,6.984800116101225,0.04995632988397197,45.48668812340976,0.0,0.0,0.497879,0.0,0.0,0.29813346
63.40000000000036,4.4804739723138765,1.5461573004525315,0.18366949404491106,6.986181368843902,0.049956118355279355,45.2652587990862,0.0,0.0,0.4991667,0.0,0.0,0.2935301
63.600000000000364,4.481427075549989,1.5461573004525315,0.18383431188233304,6.987563955587035,0.04995586309553529,45.043776839150176,0.0,0.0,0.5004477,0.0,0.0,0.28895646
63.80000000000037,4.482380101518704,1.5461573004525315,0.1839988087553381,6.988947881057678,0.04995555596707593,44.82224260410826,0.0,0.0,0.50172216,0.0,0.0,0.2844115
64.00000000000037,4.483333050247544,1.5461573004525315,0.18416298443470466,6.990333149994314,0.049955187295871395,44.600656457735866,0.0,0.0,0.5029898,0.0,0.0,0.27989683
64.20000000000037,4.484285921764048,1.5461573004525315,0.18432683869424632,6.99171976714719,0.04995474595378241,44.379018767148445,0.0,0.0,0.5042508,0.0,0.0,0.27541223
64.40000000000038,4.485238716095768,1.5461573004525315,0.18449037131080862,6.993107737278637,0.04995421873951128,44.15732990287441,0.0,0.0,0.50550514,0.0,0.0,0.2709575
64.60000000000038,4.48619143327027,1.5461573004525315,0.18465358206426552,6.994497065163404,0.04995359016905104,43.9355902389298,0.0,0.0,0.5067528,0.0,0.0,0.26653263
64.80000000000038,4.487144073315133,1.5461573004525315,0.18481647073751606,6.995887755588988,0.04995284215255685,43.71380015289476,0.0,0.0,0.50799376,0.0,0.0,0.26213828
65.00000000000038,4.488096636257951,1.5461573004525315,0.18497903711648056,6.997279813355962,0.04995195370135008,43.49196002599192,0.0,0.0,0.5092281,0.0,0.0,0.257774
65.20000000000039,4.4890491221263265,1.5461573004525315,0.185141280990097,6.998673243278317,0.04995090012193523,43.27007024316666,0.0,0.0,0.5104558,0.0,0.0,0.25344166
65.40000000000039,4.490001530947879,1.5461573004525315,0.1853032021503171,7.000068050183788,0.04994965331571591,43.04813119316936,0.0,0.0,0.5116767,0.0,0.0,0.24914052
65.60000000000039,4.490953862750238,1.5461573004525315,0.1854648003921024,7.001464238914196,0.04994817994948608,42.82614326863976,0.0,0.0,0.512891,0.0,0.0,0.2448726
65.8000000000004,4.4919061175610455,1.5461573004525315,0.18562607551342025,7.002861814325782,0.049946442453367185,42.60410686619333,0.0,0.0,0.51409864,0.0,0.0,0.2406365
66.0000000000004,4.492858295407958,1.5461573004525315,0.18578702731523963,7.004260781289551,0.04994439597757172,42.38202238650985,0.0,0.0,0.5152996,0.0,0.0,0.236435
66.2000000000004,4.493810396318639,1.5461573004525315,0.18594765560152685,7.0056611446916035,0.04994199092043897,42.15989023442428,0.0,0.0,0.51649404,0.0,0.0,0.23226768
66.4000000000004,4.494762420320769,1.5461573004525315,0.18610796017924122,7.007062909433489,0.04993916864347128,41.93771081901981,0.0,0.0,0.5176817,0.0,0.0,0.22813597
66.6000000000004,4.495714367442036,1.5461573004525315,0.18626794085833057,7.008466080432541,0.04993586311448406,41.715484553723414,0.0,0.0,0.5188628,0.0,0.0,0.22404224
66.80000000000041,4.496666237710142,1.5461573004525315,0.18642759745172668,7.009870662622225,0.04993200022577041,41.493211856403775,0.0,0.0,0.5200373,0.0,0.0,0.21998756
67.00000000000041,4.497618031152798,1.5461573004525315,0.18658692977534067,7.011276660952484,0.0499274948343634,41.27089314947177,0.0,0.0,0.52120525,0.0,0.0,0.21597245
67.20000000000041,4.498569747797727,1.5461573004525315,0.1867459376480581,7.012684080390089,0.049922249883372266,41.048528859983534,0.0,0.0,0.52236664,0.0,0.0,0.21200137
67.40000000000042,4.499521387672661,1.5461573004525315,0.18690462089173424,7.014092925918986,0.04991616184386252,40.82611941974625,0.0,0.0,0.5235215,0.0,0.0,0.20807418
67.60000000000042,4.500472950805344,1.5461573004525315,0.18706297933118896,7.015503202540646,0.049909108630558,40.60366526542667,0.0,0.0,0.5246699,0.0,0.0,0.20419493
67.80000000000042,4.50142443722353,1.5461573004525315,0.18722101279420184,7.0169149152744215,0.04990096194271315,40.38116683866253,0.0,0.0,0.52581185,0.0,0.0,0.20036682
68.00000000000043,4.502375846954982,1.5461573004525315,0.18737872111150683,7.0183280691578975,0.04989158051678705,40.158624586176906,0.0,0.0,0.5269473,0.0,0.0,0.19659029
68.20000000000043,4.503327180027475,1.5461573004525315,0.18753610411678712,7.0197426692472495,0.049880802615972025,39.936038959895605,0.0,0.0,0.52807647,0.0,0.0,0.19287157
68.40000000000043,4.504278436468791,1.5461573004525315,0.18769316164666966,7.021158720617599,0.049868470663583186,39.71341041706773,0.0,0.0,0.5291993,0.0,0.0,0.18921305
68.60000000000043,4.505229616306722,1.5461573004525315,0.18784989354071988,7.022576228363374,0.04985440652394221,39.49073942038947,0.0,0.0,0.5303158,0.0,0.0,0.18561867
68.80000000000044,4.506180719569071,1.5461573004525315,0.18800629964143595,7.02399519759867,0.04983842864110466,39.26802643813126,0.0,0.0,0.5314261,0.0,0.0,0.18209234
69.00000000000044,4.507131746283647,1.5461573004525315,0.18816237979424327,7.025415633457611,0.04982035027525786,39.04527194426841,0.0,0.0,0.5325303,0.0,0.0,0.17863816
69.20000000000044,4.50808269647827,1.5461573004525315,0.18831813384748874,7.026837541094714,0.04979998417630635,38.82247641861528,0.0,0.0,0.5336283,0.0,0.0,0.17526023
69.40000000000045,4.509033570180768,1.5461573004525315,0.18847356165243487,7.028260925685257,0.04977714648530068,38.59964034696324,0.0,0.0,0.53472024,0.0,0.0,0.17196208
69.60000000000045,4.509984367418977,1.5461573004525315,0.18862866306325388,7.029685792425644,0.049751656686008644,38.376764221222324,0.0,0.0,0.5358061,0.0,0.0,0.16874738
69.80000000000045,4.510935088220742,1.5461573004525315,0.18878343793702176,7.031112146533774,0.049723348112637705,38.15384853956696,0.0,0.0,0.53688604,0.0,0.0,0.16562045
70.00000000000045,4.511885732613913,1.5461573004525315,0.1889378861337121,7.032539993249417,0.0496920800174083,37.93089380658571,0.0,0.0,0.5379601,0.0,0.00036514737,0.16258478
70.20000000000046,4.512837022805938,1.5461573004525315,0.18909200750809638,7.031492156055139,0.04965770059321259,37.70790050383499,0.0,0.0,0.53914875,0.0,0.0068497155,0.16092652
70.40000000000046,4.5138010605271495,1.5461573004525315,0.18924656562589093,7.030583869594353,0.049636506565313515,37.48486845997425,0.0,0.0,0.5403231,0.0,0.013312871,0.15893912
70.60000000000046,4.514777800435718,1.5461573004525315,0.18940151857668977,7.029378641331137,0.04960937533407733,37.261797522072655,0.0,0.0,0.54151005,0.0,0.019479653,0.15728495
70.80000000000047,4.515766653494712,1.5461573004525315,0.1895569597335246,7.028168823505255,0.049585037586295316,37.03868754912146,0.0,0.0,0.5426931,0.0,0.025553262,0.15561274
71.00000000000047,4.51676734702422,1.5461573004525315,0.18971289222220813,7.026954378000005,0.049558799326853115,36.815538418610544,0.0,0.0,0.5438737,0.0,0.031561635,0.15402555
71.20000000000047,4.517777090926419,1.5461573004525315,0.1898693192338164,7.025735266216629,0.04953233906830051,36.59235012989026,0.0,0.0,0.5450513,0.0,0.037497893,0.15248027
71.40000000000047,4.518795771929222,1.5461573004525315,0.1900262439950709,7.024543769267465,0.04950492619570604,36.36912269462682,0.0,0.0,0.5462244,0.0,0.043394968,0.15097663
71.60000000000048,4.519823328947224,1.5461573004525315,0.1901836595925387,7.023330041304518,0.0494765834511402,36.14585613701955,0.0,0.0,0.5473956,0.0,0.04920765,0.14954013
71.80000000000048,4.520859631478911,1.5461573004525315,0.19034157477510333,7.022124474590376,0.04944786849394203,35.92255049351667,0.0,0.0,0.5485631,0.0,0.054959893,0.1481413
72.00000000000048,4.52190458544504,1.5461573004525315,0.19049998874312235,7.020886533362099,0.049418284423350334,35.699205813565854,0.0,0.0,0.54972917,0.0,0.0606205,0.14681044
