Step,Survival_Hours,Total_Rubber_Degraded
8192,1.2000000476837158,0.1337941586971283
16384,6.599999904632568,0.9532728791236877
24576,45.20000076293945,16.60436248779297
32768,10.399999618530273,1.7685385942459106
40960,9.600000381469727,1.326701283454895
49152,14.199999809265137,2.612978458404541
57344,51.79999923706055,10.764216423034668
65536,15.199999809265137,2.9047553539276123
73728,49.20000076293945,16.83509063720703
81920,54.79999923706055,21.548160552978516
90112,54.400001525878906,15.213265419006348
98304,13.199999809265137,2.209429979324341
106496,40.599998474121094,12.476263999938965
114688,29.200000762939453,9.534272193908691
122880,18.0,3.7973341941833496
131072,16.200000762939453,2.7993557453155518
139264,4.400000095367432,0.4951513409614563
147456,65.0,17.228347778320312
155648,53.79999923706055,19.34151840209961
163840,42.400001525878906,15.418298721313477
172032,30.799999237060547,9.039114952087402
180224,19.600000381469727,4.748915672302246
188416,8.399999618530273,1.338674783706665
196608,69.19999694824219,36.5101318359375
204800,18.799999237060547,5.318320274353027
212992,7.800000190734863,1.5428485870361328
221184,68.5999984741211,13.486510276794434
229376,57.20000076293945,21.014381408691406
237568,52.400001525878906,23.928730010986328
245760,41.0,10.258959770202637
253952,40.400001525878906,18.30356788635254
262144,28.799999237060547,11.330296516418457
270336,17.200000762939453,5.394469738006592
278528,16.600000381469727,5.035341262817383
286720,5.0,0.7491092681884766
294912,65.80000305175781,13.573432922363281
303104,59.400001525878906,34.78606033325195
311296,47.79999923706055,19.49155044555664
319488,36.20000076293945,18.562803268432617
327680,24.600000381469727,9.908247947692871
335872,13.199999809265137,3.7380223274230957
344064,1.399999976158142,0.17532411217689514
352256,62.0,37.713443756103516
360448,50.20000076293945,29.866432189941406
368640,8.600000381469727,2.144697904586792
376832,39.20000076293945,20.836353302001953
385024,27.399999618530273,12.409978866577148
393216,56.599998474121094,33.013038635253906
401408,44.79999923706055,24.285470962524414
409600,33.0,15.941514015197754
417792,21.200000762939453,8.183995246887207
425984,9.399999618530273,2.2290098667144775
434176,69.80000305175781,41.57904052734375
442368,58.0,33.5389289855957
450560,46.79999923706055,27.761667251586914
458752,35.0,18.668596267700195
466944,23.200000762939453,9.44242000579834
475136,11.399999618530273,2.690882921218872
483328,71.80000305175781,51.32847595214844
491520,60.0,40.50273895263672
499712,48.20000076293945,26.132896423339844
507904,4.800000190734863,0.9131399989128113
516096,65.19999694824219,41.07780838012695
524288,53.400001525878906,32.665618896484375
532480,41.599998474121094,19.499269485473633
540672,30.0,15.102355003356934
548864,18.200000762939453,6.686746597290039
557056,6.400000095367432,1.3995609283447266
565248,66.80000305175781,47.38969421386719
573440,55.0,35.333194732666016
581632,43.400001525878906,25.579566955566406
589824,31.600000381469727,15.778328895568848
598016,19.799999237060547,8.486019134521484
606208,8.0,2.0932233333587646
614400,68.4000015258789,45.19819259643555
622592,56.599998474121094,35.93673324584961
630784,44.79999923706055,29.935863494873047
638976,33.0,17.10637664794922
647168,64.5999984741211,43.42991638183594
655360,52.79999923706055,33.30839920043945
663552,41.0,23.99360466003418
671744,29.200000762939453,15.716038703918457
679936,17.600000381469727,6.657824993133545
688128,5.800000190734863,1.3295855522155762
696320,66.19999694824219,46.0391845703125
704512,26.0,5.657001972198486
712704,57.0,42.35222625732422
720896,45.20000076293945,29.264739990234375
729088,33.400001525878906,19.87895965576172
737280,21.600000381469727,8.950023651123047
745472,9.800000190734863,2.769106864929199
753664,70.19999694824219,49.58325958251953
761856,58.400001525878906,43.203895568847656
770048,46.599998474121094,29.805055618286133
778240,34.79999923706055,20.643657684326172
786432,23.0,10.867547988891602
794624,11.199999809265137,3.2740678787231445
802816,71.5999984741211,56.72874450683594
811008,59.79999923706055,43.71392059326172
819200,48.0,32.23225784301758
827392,8.0,2.318422794342041
835584,68.4000015258789,49.635013580322266
843776,56.599998474121094,41.16557693481445
851968,44.79999923706055,29.32606315612793
860160,33.0,18.951196670532227
868352,21.200000762939453,10.365808486938477
876544,9.399999618530273,2.509546995162964
884736,69.80000305175781,52.344276428222656
892928,58.0,43.20155334472656
901120,46.20000076293945,30.271678924560547
909312,34.400001525878906,20.87407684326172
917504,22.600000381469727,5.221559047698975
925696,54.599998474121094,42.66628646850586
933888,42.79999923706055,28.364892959594727
942080,31.0,18.420446395874023
950272,19.200000762939453,8.58991527557373
958464,7.400000095367432,2.123816728591919
966656,67.80000305175781,50.46464920043945
974848,56.0,36.194374084472656
983040,44.400001525878906,31.403308868408203
991232,32.599998474121094,20.38748550415039
999424,20.799999237060547,10.453824996948242
1007616,9.0,2.8058602809906006
1015808,69.4000015258789,55.971614837646484
1024000,57.599998474121094,42.894798278808594
1032192,45.79999923706055,32.52848815917969
1040384,34.0,21.593788146972656
1048576,22.200000762939453,10.972463607788086
1056768,10.399999618530273,3.5056302547454834
1064960,70.80000305175781,50.988224029541016
1073152,59.0,46.533058166503906
1081344,47.20000076293945,33.57732009887695
1089536,35.400001525878906,22.62834930419922
1097728,23.600000381469727,12.295440673828125
1105920,11.800000190734863,3.968656063079834
1114112,72.19999694824219,62.05925369262695
1122304,60.400001525878906,47.10987091064453
1130496,48.599998474121094,36.39897537231445
1138688,36.79999923706055,24.367570877075195
1146880,25.0,12.740386009216309
1155072,13.199999809265137,4.8223090171813965
1163264,1.399999976158142,0.217694953083992
1171456,61.79999923706055,50.69084548950195
1179648,50.0,38.09190368652344
1187840,38.20000076293945,26.530975341796875
1196032,26.399999618530273,15.491218566894531
1204224,14.600000381469727,5.450507640838623
1212416,2.799999952316284,0.5305980443954468
1220608,63.20000076293945,49.13988494873047
1228800,51.400001525878906,38.05414962768555
1236992,39.599998474121094,27.289079666137695
1245184,28.0,16.03192710876465
1253376,16.200000762939453,6.996199131011963
1261568,4.400000095367432,1.0028234720230103
1269760,64.80000305175781,55.155540466308594
1277952,53.0,42.26311111450195
1286144,41.20000076293945,28.96892738342285
1294336,29.399999618530273,17.845420837402344
1302528,17.600000381469727,7.3049845695495605
1310720,5.800000190734863,1.4913121461868286
1318912,66.19999694824219,57.47477340698242
1327104,54.400001525878906,43.29531478881836
1335296,42.599998474121094,31.02060317993164
1343488,30.799999237060547,19.67848014831543
1351680,19.0,8.988266944885254
1359872,7.199999809265137,2.119030237197876
1368064,67.5999984741211,55.81332015991211
1376256,55.79999923706055,43.276161193847656
1384448,44.0,31.75290870666504
1392640,32.20000076293945,20.29332733154297
1400832,20.399999618530273,10.172100067138672
1409024,48.20000076293945,36.803627014160156
1417216,36.400001525878906,23.502788543701172
1425408,24.600000381469727,13.738251686096191
1433600,12.800000190734863,4.783669471740723
1441792,1.0,0.1428644210100174
1449984,61.400001525878906,52.77149200439453
1458176,49.599998474121094,37.547515869140625
1466368,37.79999923706055,26.772863388061523
1474560,26.0,15.659173011779785
1482752,14.199999809265137,5.632062911987305
1490944,2.4000000953674316,0.4328349232673645
1499136,62.79999923706055,54.773990631103516
1507328,22.600000381469727,11.44700813293457
1515520,10.800000190734863,3.7539751529693604
1523712,71.19999694824219,60.84138488769531
1531904,59.400001525878906,51.63533401489258
1540096,20.0,9.248912811279297
1548288,8.199999809265137,2.4848995208740234
1556480,68.80000305175781,60.3962287902832
1564672,57.0,46.503334045410156
1572864,45.20000076293945,34.48615264892578
1581056,33.400001525878906,20.937850952148438
1589248,21.600000381469727,10.672593116760254
1597440,9.800000190734863,3.260007858276367
1605632,70.19999694824219,62.602630615234375
1613824,58.400001525878906,46.51310729980469
1622016,46.599998474121094,36.27797317504883
1630208,34.79999923706055,23.98897933959961
1638400,68.0,62.28602981567383
1646592,56.20000076293945,46.316566467285156
1654784,44.400001525878906,33.047752380371094
1662976,32.599998474121094,21.23618507385254
1671168,20.799999237060547,10.03651237487793
1679360,9.0,2.8428707122802734
1687552,69.4000015258789,57.21277618408203
1695744,57.599998474121094,45.986263275146484
1703936,45.79999923706055,34.65477752685547
1712128,34.0,22.578311920166016
1720320,22.200000762939453,11.392044067382812
1728512,10.399999618530273,3.4373788833618164
1736704,70.80000305175781,62.364280700683594
1744896,59.0,48.620811462402344
1753088,20.399999618530273,10.167153358459473
1761280,8.600000381469727,2.7206387519836426
1769472,69.0,59.632225036621094
1777664,57.20000076293945,47.0987548828125
1785856,45.400001525878906,34.20661926269531
1794048,33.599998474121094,22.500642776489258
1802240,21.799999237060547,11.391695976257324
1810432,10.0,3.412714719772339
1818624,70.4000015258789,53.00785827636719
1826816,58.599998474121094,50.43236541748047
1835008,46.79999923706055,37.854434967041016
1843200,35.0,23.838821411132812
1851392,23.200000762939453,12.221670150756836
1859584,55.79999923706055,47.013938903808594
1867776,44.0,33.6398811340332
1875968,32.20000076293945,20.80385398864746
1884160,20.399999618530273,10.174728393554688
1892352,8.600000381469727,2.677543878555298
1900544,69.0,52.17423629760742
1908736,57.20000076293945,46.81147766113281
1916928,45.400001525878906,35.1171989440918
1925120,33.599998474121094,21.878162384033203
1933312,21.799999237060547,11.230620384216309
1941504,10.0,3.355370044708252
1949696,70.4000015258789,62.55740737915039
1957888,58.599998474121094,46.98078918457031
1966080,46.79999923706055,34.91265106201172
1974272,35.0,23.554899215698242
1982464,23.200000762939453,12.4739990234375
1990656,11.399999618530273,4.029128074645996
1998848,71.80000305175781,63.84519958496094
2007040,32.20000076293945,20.929197311401367
