step,survival_hours,total_rubber_degraded,survival_hours_rolling,total_rubber_degraded_rolling
8192,1.2000000476837158,0.1337941586971283,1.2000000476837158,0.1337941586971283
16384,6.599999904632568,0.9532728791236877,3.899999976158142,0.543533518910408
24576,45.20000076293945,16.60436248779297,17.666666905085247,5.897143175204595
32768,10.399999618530273,1.7685385942459106,15.850000083446503,4.864992029964924
40960,9.600000381469727,1.326701283454895,14.600000143051147,4.157333880662918
49152,14.199999809265137,2.612978458404541,14.533333420753479,3.899941310286522
57344,51.79999923706055,10.764216423034668,19.85714282308306,4.880552040679114
65536,15.199999809265137,2.9047553539276123,19.27499994635582,4.6335774548351765
73728,49.20000076293945,16.83509063720703,22.600000037087334,5.989301141765383
81920,54.79999923706055,21.548160552978516,25.819999957084654,7.545187082886696
90112,54.400001525878906,15.213265419006348,31.140000104904175,9.053134208917617
98304,13.199999809265137,2.209429979324341,31.80000009536743,9.178749918937683
106496,40.599998474121094,12.476263999938965,31.339999866485595,8.765940070152283
114688,29.200000762939453,9.534272193908691,33.21999998092652,9.54251343011856
122880,18.0,3.7973341941833496,34.05999994277954,9.789576721191406
131072,16.200000762939453,2.7993557453155518,34.26000003814697,9.808214449882508
139264,4.400000095367432,0.4951513409614563,29.52000012397766,8.781307941675186
147456,65.0,17.228347778320312,34.500000143051146,10.213667184114456
155648,53.79999923706055,19.34151840209961,34.95999999046326,10.464309960603714
163840,42.400001525878906,15.418298721313477,33.720000219345096,9.85132377743721
172032,30.799999237060547,9.039114952087402,31.35999999046326,9.233908730745316
180224,19.600000381469727,4.748915672302246,32.00000004768371,9.487857300043107
188416,8.399999618530273,1.338674783706665,28.780000162124633,8.374098378419877
196608,69.19999694824219,36.5101318359375,32.779999780654904,11.071684342622756
204800,18.799999237060547,5.318320274353027,32.85999970436096,11.223782950639725
212992,7.800000190734863,1.5428485870361328,32.0199996471405,11.098132234811782
221184,68.5999984741211,13.486510276794434,38.43999948501587,12.39726812839508
229376,57.20000076293945,21.014381408691406,37.65999956130982,12.77587149143219
237568,52.400001525878906,23.928730010986328,37.51999979019165,13.234592652320861
245760,41.0,10.258959770202637,37.37999963760376,12.718658757209777
253952,40.400001525878906,18.30356788635254,38.3399998664856,13.645104050636292
262144,28.799999237060547,11.330296516418457,39.25999975204468,14.303242135047913
270336,17.200000762939453,5.394469738006592,40.139999866485596,14.708821630477905
278528,16.600000381469727,5.035341262817383,34.88000020980835,11.561342573165893
286720,5.0,0.7491092681884766,33.50000028610229,11.104421472549438
294912,65.80000305175781,13.573432922363281,39.30000057220459,12.307479906082154
303104,59.400001525878906,34.78606033325195,38.38000087738037,14.437434911727905
311296,47.79999923706055,19.49155044555664,37.44000072479248,14.285151815414428
319488,36.20000076293945,18.562803268432617,35.820000648498535,13.748559141159058
327680,24.600000381469727,9.908247947692871,34.180000686645506,13.71348795890808
335872,13.199999809265137,3.7380223274230957,31.46000051498413,12.256933403015136
344064,1.399999976158142,0.17532411217689514,28.72000058889389,11.141436162590981
352256,62.0,37.713443756103516,33.20000051259994,14.373333564400673
360448,50.20000076293945,29.866432189941406,36.56000055074692,16.856442657113075
368640,8.600000381469727,2.144697904586792,36.92000058889389,16.996001520752905
376832,39.20000076293945,20.836353302001953,34.26000036001206,17.722293558716775
385024,27.399999618530273,12.409978866577148,31.060000169277192,15.484685412049293
393216,56.599998474121094,33.013038635253906,31.940000092983247,16.83683423101902
401408,44.79999923706055,24.285470962524414,32.79999994039535,17.4091010004282
409600,33.0,15.941514015197754,33.639999902248384,18.012427607178687
417792,21.200000762939453,8.183995246887207,34.439999997615814,18.4570248991251
425984,9.399999618530273,2.2290098667144775,35.23999996185303,18.662393474578856
434176,69.80000305175781,41.57904052734375,36.020000267028806,19.048953151702882
442368,58.0,33.5389289855957,36.80000019073486,19.41620283126831
450560,46.79999923706055,27.761667251586914,40.62000007629395,21.977899765968324
458752,35.0,18.668596267700195,40.2,21.761124062538148
466944,23.200000762939453,9.44242000579834,39.78000011444092,21.464368176460265
475136,11.399999618530273,2.690882921218872,35.260000228881836,18.432152605056764
483328,71.80000305175781,51.32847595214844,37.960000610351564,21.136453104019164
491520,60.0,40.50273895263672,40.66000061035156,23.592575597763062
499712,48.20000076293945,26.132896423339844,43.36000061035156,25.387465715408325
507904,4.800000190734863,0.9131399989128113,42.90000066757202,25.255878728628158
516096,65.19999694824219,41.07780838012695,42.44000005722046,25.205755513906478
524288,53.400001525878906,32.665618896484375,41.98000020980835,25.118424504995346
532480,41.599998474121094,19.499269485473633,41.460000133514406,24.29218472838402
540672,30.0,15.102355003356934,40.960000133514406,23.935560601949692
548864,18.200000762939453,6.686746597290039,40.460000133514406,23.65999326109886
557056,6.400000095367432,1.3995609283447266,39.96000018119812,23.530861061811446
565248,66.80000305175781,47.38969421386719,39.46000018119812,23.136982887983322
573440,55.0,35.333194732666016,38.96000018119812,22.620028465986252
581632,43.400001525878906,25.579566955566406,38.480000257492065,22.564695519208907
589824,31.600000381469727,15.778328895568848,41.160000276565555,24.05121440887451
598016,19.799999237060547,8.486019134521484,36.620000505447386,20.792035484313963
606208,8.0,2.0932233333587646,32.0800003528595,17.734795928001404
614400,68.4000015258789,45.19819259643555,34.76000065803528,20.304688239097594
622592,56.599998474121094,35.93673324584961,37.42000050544739,22.388126063346864
630784,44.79999923706055,29.935863494873047,40.0800003528595,24.713037753105162
638976,33.0,17.10637664794922,42.740000343322755,26.28371932506561
647168,64.5999984741211,43.42991638183594,42.51999988555908,25.88774154186249
655360,52.79999923706055,33.30839920043945,42.29999980926514,25.68526198863983
663552,41.0,23.99360466003418,42.05999965667725,25.526665759086608
671744,29.200000762939453,15.716038703918457,41.81999969482422,25.52043673992157
679936,17.600000381469727,6.657824993133545,41.599999809265135,25.337617325782777
688128,5.800000190734863,1.3295855522155762,41.379999828338626,25.261253547668456
696320,66.19999694824219,46.0391845703125,41.15999937057495,25.345352745056154
704512,26.0,5.657001972198486,38.09999952316284,22.31737961769104
712704,57.0,42.35222625732422,39.319999599456786,23.559015893936156
720896,45.20000076293945,29.264739990234375,40.539999675750735,24.774852228164672
729088,33.400001525878906,19.87895965576172,37.41999998092651,22.41975655555725
737280,21.600000381469727,8.950023651123047,34.30000009536743,19.98391900062561
745472,9.800000190734863,2.769106864929199,31.18000011444092,17.86146922111511
753664,70.19999694824219,49.58325958251953,35.27999973297119,21.24819130897522
761856,58.400001525878906,43.203895568847656,39.35999984741211,24.90279836654663
770048,46.599998474121094,29.805055618286133,43.439999675750734,27.750345373153685
778240,34.79999923706055,20.643657684326172,40.29999990463257,25.210792684555052
786432,23.0,10.867547988891602,39.99999990463257,25.731847286224365
794624,11.199999809265137,3.2740678787231445,35.41999988555908,21.82403144836426
802816,71.5999984741211,56.72874450683594,38.05999965667725,24.570431900024413
811008,59.79999923706055,43.71392059326172,40.69999942779541,26.953927993774414
819200,48.0,32.23225784301758,43.33999938964844,29.282151412963866
827392,8.0,2.318422794342041,43.15999937057495,29.237083005905152
835584,68.4000015258789,49.635013580322266,42.97999982833862,29.242258405685426
843776,56.599998474121094,41.16557693481445,42.79999952316284,29.038426542282103
851968,44.79999923706055,29.32606315612793,42.61999959945679,28.990527296066283
860160,33.0,18.951196670532227,42.439999675750734,28.82128119468689
868352,21.200000762939453,10.365808486938477,42.25999975204468,28.771107244491578
876544,9.399999618530273,2.509546995162964,42.07999973297119,28.69465515613556
884736,69.80000305175781,52.344276428222656,41.900000190734865,28.25620834827423
892928,58.0,43.20155334472656,41.72000026702881,28.204971623420715
901120,46.20000076293945,30.271678924560547,41.54000034332275,28.008913731575014
909312,34.400001525878906,20.87407684326172,44.18000049591065,29.86447913646698
917504,22.600000381469727,5.221559047698975,39.60000038146973,25.42313368320465
925696,54.599998474121094,42.66628646850586,39.400000381469724,25.57320463657379
933888,42.79999923706055,28.364892959594727,39.20000038146973,25.47708761692047
942080,31.0,18.420446395874023,39.000000381469725,25.42401258945465
950272,19.200000762939453,8.58991527557373,38.80000038146973,25.246423268318175
958464,7.400000095367432,2.123816728591919,38.60000042915344,25.20785024166107
966656,67.80000305175781,50.46464920043945,38.400000429153444,25.01988751888275
974848,56.0,36.194374084472656,38.20000042915344,24.31916959285736
983040,44.400001525878906,31.403308868408203,38.020000505447385,24.432332587242126
991232,32.599998474121094,20.38748550415039,37.840000200271604,24.383673453330992
999424,20.799999237060547,10.453824996948242,37.66000008583069,24.90690004825592
1007616,9.0,2.8058602809906006,33.10000023841858,20.920857429504395
1015808,69.4000015258789,55.971614837646484,35.760000467300415,23.68152961730957
1024000,57.599998474121094,42.894798278808594,38.420000314712524,26.128964805603026
1032192,45.79999923706055,32.52848815917969,41.080000162124634,28.522822093963622
1040384,34.0,21.593788146972656,43.74000015258789,30.469819235801697
1048576,22.200000762939453,10.972463607788086,39.179999923706056,26.52060067653656
1056768,10.399999618530273,3.5056302547454834,34.61999988555908,23.25172629356384
1064960,70.80000305175781,50.988224029541016,37.26000003814697,25.210217809677125
1073152,59.0,46.533058166503906,39.900000190734865,27.824775075912477
1081344,47.20000076293945,33.57732009887695,42.54000034332275,30.137124586105347
1089536,35.400001525878906,22.62834930419922,45.18000049591065,32.119373488426206
1097728,23.600000381469727,12.295440673828125,40.60000038146973,27.751756072044373
1105920,11.800000190734863,3.968656063079834,36.020000553131105,23.859141850471495
1114112,72.19999694824219,62.05925369262695,38.66000032424927,26.812218403816225
1122304,60.400001525878906,47.10987091064453,41.300000476837155,29.36382668018341
1130496,48.599998474121094,36.39897537231445,43.940000247955325,31.906477856636048
1138688,36.79999923706055,24.367570877075195,46.58000020980835,33.99267191886902
1146880,25.0,12.740386009216309,41.99999990463257,30.167888116836547
1155072,13.199999809265137,4.8223090171813965,37.41999988555908,25.996813201904295
1163264,1.399999976158142,0.217694953083992,32.839999806880954,22.660850687325002
1171456,61.79999923706055,50.69084548950195,35.479999577999116,25.467100305855276
1179648,50.0,38.09190368652344,38.119999539852145,28.046746607124806
1187840,38.20000076293945,26.530975341796875,40.7599995970726,30.30297853499651
1196032,26.399999618530273,15.491218566894531,36.17999986410141,25.646175022423268
1204224,14.600000381469727,5.450507640838623,31.59999974966049,21.480238695442676
1212416,2.799999952316284,0.5305980443954468,27.019999897480012,17.893400962650777
1220608,63.20000076293945,49.13988494873047,29.6600000500679,20.370632369816303
1228800,51.400001525878906,38.05414962768555,32.300000202655795,22.902008731663226
1236992,39.599998474121094,27.289079666137695,34.94000006914139,25.14868579655886
1245184,28.0,16.03192710876465,37.60000007152557,26.730109012126924
1253376,16.200000762939453,6.996199131011963,33.04000022411346,22.360644376277925
1261568,4.400000095367432,1.0028234720230103,28.48000023365021,18.651736354827882
1269760,64.80000305175781,55.155540466308594,31.140000462532043,21.514192867279053
1277952,53.0,42.26311111450195,33.80000050067902,24.191382122039794
1286144,41.20000076293945,28.96892738342285,36.46000053882599,26.543224096298218
1294336,29.399999618530273,17.845420837402344,39.120000505447386,28.274706375598907
1302528,17.600000381469727,7.3049845695495605,34.56000046730041,24.091216337680816
1310720,5.800000190734863,1.4913121461868286,30.000000333786012,20.434932589530945
1318912,66.19999694824219,57.47477340698242,32.66000018119812,23.453501963615416
1327104,54.400001525878906,43.29531478881836,35.30000033378601,26.17984073162079
1335296,42.599998474121094,31.02060317993164,37.94000010490417,28.582281136512755
1343488,30.799999237060547,19.67848014831543,40.58000001907349,30.449846804142
1351680,19.0,8.988266944885254,35.99999971389771,25.833119451999664
1359872,7.199999809265137,2.119030237197876,31.41999969482422,21.818711364269255
1368064,67.5999984741211,55.81332015991211,34.05999946594238,24.503150641918182
1376256,55.79999923706055,43.276161193847656,36.69999942779541,27.046224677562712
1384448,44.0,31.75290870666504,39.33999938964844,29.491017091274262
1392640,32.20000076293945,20.29332733154297,41.979999446868895,31.371218609809876
1400832,20.399999618530273,10.172100067138672,37.39999971389771,26.6409512758255
1409024,48.20000076293945,36.803627014160156,36.77999963760376,25.99178249835968
1417216,36.400001525878906,23.502788543701172,36.15999994277954,25.240001034736633
1425408,24.600000381469727,13.738251686096191,35.54000005722046,24.64597818851471
1433600,12.800000190734863,4.783669471740723,34.920000076293945,24.225518441200258
1441792,1.0,0.1428644210100174,34.30000009536743,24.02790185958147
1449984,61.400001525878906,52.77149200439453,33.680000400543214,23.723719044029714
1458176,49.599998474121094,37.547515869140625,33.060000324249266,23.15085451155901
1466368,37.79999923706055,26.772863388061523,32.440000247955325,22.652849979698658
1474560,26.0,15.659173011779785,31.820000171661377,22.18943454772234
1482752,14.199999809265137,5.632062911987305,31.200000190734862,21.735430832207204
1490944,2.4000000953674316,0.4328349232673645,26.62000012397766,18.098351623117924
1499136,62.79999923706055,54.773990631103516,29.259999895095824,21.225471831858158
1507328,22.600000381469727,11.44700813293457,29.059999895095824,20.996347476541995
1515520,10.800000190734863,3.7539751529693604,28.859999895095825,20.89337804466486
1523712,71.19999694824219,60.84138488769531,35.87999958992005,26.96323009133339
1531904,59.400001525878906,51.63533401489258,35.679999589920044,26.849614292383194
1540096,20.0,9.248912811279297,32.71999974250794,24.01975398659706
1548288,8.199999809265137,2.4848995208740234,29.759999799728394,21.590957599878312
1556480,68.80000305175781,60.3962287902832,34.04000010490417,26.064663177728654
1564672,57.0,46.503334045410156,38.320000123977664,30.151790291070938
1572864,45.20000076293945,34.48615264892578,42.60000019073486,33.55712206363678
1581056,33.400001525878906,20.937850952148438,39.6600004196167,30.173508095741273
1589248,21.600000381469727,10.672593116760254,39.5600004196167,30.09606659412384
1597440,9.800000190734863,3.260007858276367,39.4600004196167,30.04666986465454
1605632,70.19999694824219,62.602630615234375,39.360000419616696,30.222794437408446
1613824,58.400001525878906,46.51310729980469,39.2600004196167,29.710571765899658
1622016,46.599998474121094,36.27797317504883,41.92000026702881,32.41347780227661
1630208,34.79999923706055,23.98897933959961,44.58000020980835,34.56388578414917
1638400,68.0,62.28602981567383,44.49999990463257,34.752865886688234
1646592,56.20000076293945,46.316566467285156,44.41999998092651,34.734189128875734
1654784,44.400001525878906,33.047752380371094,44.34000005722046,34.59034910202026
1662976,32.599998474121094,21.23618507385254,44.25999975204468,34.620182514190674
1671168,20.799999237060547,10.03651237487793,44.17999963760376,34.55657444000244
1679360,9.0,2.8428707122802734,44.099999618530276,34.51486072540283
1687552,69.4000015258789,57.21277618408203,44.02000007629395,33.975875282287596
1695744,57.599998474121094,45.986263275146484,43.93999977111817,33.923190879821775
1703936,45.79999923706055,34.65477752685547,43.85999984741211,33.76087131500244
1712128,34.0,22.578311920166016,43.77999992370606,33.619804573059085
1720320,22.200000762939453,11.392044067382812,39.2,28.53040599822998
1728512,10.399999618530273,3.4373788833618164,34.61999988555908,24.242487239837647
1736704,70.80000305175781,62.364280700683594,37.26000003814697,27.174140071868898
1744896,59.0,48.620811462402344,39.900000190734865,29.912602710723878
1753088,20.399999618530273,10.167153358459473,39.86000022888184,29.92566680908203
1761280,8.600000381469727,2.7206387519836426,39.82000026702881,29.91344361305237
1769472,69.0,59.632225036621094,39.78000011444092,30.155388498306273
1777664,57.20000076293945,47.0987548828125,39.740000343322755,30.266637659072877
1785856,45.400001525878906,34.20661926269531,39.70000057220459,30.22182183265686
1794048,33.599998474121094,22.500642776489258,39.6600004196167,30.214054918289186
1802240,21.799999237060547,11.391695976257324,39.62000026702881,30.214020109176637
1810432,10.0,3.412714719772339,39.58000030517578,30.211553692817688
1818624,70.4000015258789,53.00785827636719,39.54000015258789,29.275911450386047
1826816,58.599998474121094,50.43236541748047,39.5,29.45706684589386
1835008,46.79999923706055,37.854434967041016,42.13999996185303,32.225795006752016
1843200,35.0,23.838821411132812,44.77999992370606,34.33761327266693
1851392,23.200000762939453,12.221670150756836,40.2,29.596557784080506
1859584,55.79999923706055,47.013938903808594,40.05999984741211,29.588076186180114
1867776,44.0,33.6398811340332,39.91999969482422,29.531402373313902
1875968,32.20000076293945,20.80385398864746,39.77999992370606,29.361723494529723
1884160,20.399999618530273,10.174728393554688,39.63999996185303,29.24002673625946
1892352,8.600000381469727,2.677543878555298,39.5,29.166509652137755
1900544,69.0,52.17423629760742,39.35999984741211,29.08314745426178
1908736,57.20000076293945,46.81147766113281,39.22000007629394,28.721058678627013
1916928,45.400001525878906,35.1171989440918,39.08000030517578,28.44733507633209
1925120,33.599998474121094,21.878162384033203,38.94000015258789,28.25126917362213
1933312,21.799999237060547,11.230620384216309,38.8,28.15216419696808
1941504,10.0,3.355370044708252,34.22000007629394,23.786307311058046
1949696,70.4000015258789,62.55740737915039,36.86000022888184,26.678059935569763
1957888,58.599998474121094,46.98078918457031,39.5,29.29575345516205
1966080,46.79999923706055,34.91265106201172,42.13999996185303,31.769545722007752
1974272,35.0,23.554899215698242,44.77999992370606,33.85728125572204
1982464,23.200000762939453,12.4739990234375,40.2,29.887257528305053
1990656,11.399999618530273,4.029128074645996,35.61999988555908,25.60902256965637
1998848,71.80000305175781,63.84519958496094,38.26000003814697,28.481822633743285
2007040,32.20000076293945,20.929197311401367,38.12000026702881,28.386926126480102
