Time,Rubber_Remaining,C30_oligo_e,odtd_e,Total_PHA,YE_Feed
0.0,100.0,0.1,0.0,0.0,1.0
0.2,99.97500721777666,0.15494631135894865,0.014405195951760298,0.0,1.0
0.4,99.94792328759713,0.21343750050292196,0.031953303960203336,0.0,1.0
0.6000000000000001,99.91877970909769,0.27537844537253875,0.052680430170466946,0.0,1.0
0.8,99.88762766596024,0.34066786261263843,0.07653868287684126,0.0,1.0
1.0,99.85448413647228,0.4092856482325099,0.10348518977351588,0.0,1.0
1.2,99.81935366699628,0.48121973603883167,0.13352183641575088,0.0,1.0
1.4,99.78223845491927,0.5564638109641372,0.16665050040838641,0.0,1.0
1.5999999999999999,99.74314071312578,0.6350115419529795,0.2028730154980203,0.0,1.0
1.7999999999999998,99.7020626724593,0.7168565776922008,0.24219116806768695,0.0,1.0
1.9999999999999998,99.65900658428697,0.8019925421896523,0.2846066934295122,0.0,1.0
2.1999999999999997,99.61397472313942,0.890413030252238,0.3301212719508048,0.0,1.0
2.4,99.56696938939488,0.982111602918822,0.37873652505438893,0.0,1.0
2.6,99.51799291197403,1.0770817829068737,0.4304540111384176,0.0,1.0
2.8000000000000003,99.467047651011,1.175317050133469,0.48527522146422697,0.0,1.0
3.0000000000000004,99.41413600046538,1.2768108373713423,0.5432015760628107,0.0,1.0
3.2000000000000006,99.35926039064066,1.3815565260989744,0.6042344197111038,0.0,1.0
3.400000000000001,99.30242329057612,1.4895474426002775,0.6683750180283994,0.0,1.0
3.600000000000001,99.24362721028169,1.6007768543643734,0.7356245537409102,0.0,1.0
3.800000000000001,99.18287470278871,1.7152379668294853,0.8059841231588031,0.0,1.0
4.000000000000001,99.12016836599375,1.8329239205073116,0.8794547329051506,0.0,1.0
4.200000000000001,99.05551084427715,1.9538277885157593,0.9560372969303579,0.0,1.0
4.400000000000001,98.98890482988311,2.077942574538918,1.0357326338389972,0.0,1.0
4.600000000000001,98.9203530640533,2.2052612112240273,1.1185414645488925,0.0,1.0
4.800000000000002,98.84985833791097,2.3357765590162627,1.2044644102950286,0.0,1.0
5.000000000000002,98.77742349309777,2.4694814054237533,1.2935019909836896,0.0,1.0
5.200000000000002,98.70305142216952,2.606368464697624,1.3856546238954075,0.0,1.0
5.400000000000002,98.62674506876168,2.7464303779052064,1.4809226227290362,0.0,1.0
5.600000000000002,98.54850742753825,2.8896597133690505,1.5793061969737237,0.0,1.0
5.8000000000000025,98.4683415439408,3.036048967440053,1.6808054515908484,0.0,1.0
6.000000000000003,98.38625051375618,3.1855905655699095,1.785420386984181,0.0,1.0
6.200000000000003,98.30223748252317,3.338276863646142,1.8931508992336439,0.0,1.0
6.400000000000003,98.2163056447986,3.494100149552109,2.003996780566042,0.0,1.0
6.600000000000003,98.12845824330422,3.6530526449144745,2.117957720034975,0.0,1.0
6.800000000000003,98.0386985679749,3.8151265070015294,2.2350333043817177,0.0,1.0
7.0000000000000036,97.9470299549282,3.980313830737309,2.3552230190490806,0.0,1.0
7.200000000000004,97.85345578537441,4.148606650798518,2.478526249321012,0.0,1.0
7.400000000000004,97.75797948448495,4.319996943763678,2.6049422815618657,0.0,1.0
7.600000000000004,97.66060452023541,4.494476630286522,2.734470304530726,0.0,1.0
7.800000000000004,97.56133440223847,4.672037577268365,2.8671094107478186,0.0,1.0
8.000000000000004,97.46017268058009,4.852671600006785,3.0028585978917866,0.0,1.0
8.200000000000003,97.35712294467135,5.036370464300507,3.14171677020833,0.0,1.0
8.400000000000002,97.25218882212684,5.223125888492615,3.283682739912353,0.0,1.0
8.600000000000001,97.14537397768028,5.412929545436192,3.4287552285626597,0.0,1.0
8.8,97.09154047213853,5.509084509758213,3.5018701655564164,0.0,1.0
9.0,96.98176073458697,5.703859162333119,3.6515088499914805,0.0,1.0
9.2,96.92647304087957,5.802448698241673,3.7268704598508475,0.0,1.0
9.399999999999999,96.81376741548742,6.002103656202312,3.8810658551066495,0.0,1.0
9.599999999999998,96.75704443755397,6.103083588504398,3.958669985087755,0.0,1.0
9.799999999999997,96.64142560616445,6.307592697508863,4.117412343461332,0.0,1.0
9.999999999999996,96.58327445225548,6.410948770281517,4.1972527224265415,0.0,1.0
10.199999999999996,96.46475517207729,6.620285817828295,4.360532043746148,0.0,1.0
10.399999999999995,96.40518381887736,6.72600228105165,4.4426011392211615,0.0,1.0
10.599999999999994,96.28377692664749,6.9401409846831115,4.610407174069535,0.0,1.0
10.799999999999994,96.22279287234082,7.048202964760044,4.694698042192623,0.0,1.0
10.999999999999993,96.18207285968127,7.120689933503801,4.750980381175794,0.0,1.0
11.199999999999992,96.056722907286,7.341505718577486,4.924726930010912,0.0,1.0
11.399999999999991,95.99381810967543,7.452816629809953,5.011918758018503,0.0,1.0
11.59999999999999,95.95182929931275,7.527448913969725,5.070119106329789,0.0,1.0
11.79999999999999,95.82266136546231,7.7546476121039065,5.249782455072366,0.0,1.0
11.99999999999999,95.75788453539934,7.869084702817682,5.33988238826103,0.0,1.0
12.199999999999989,95.71465618860617,7.945786120929945,5.4000099238958414,0.0,1.0
12.399999999999988,95.58290581728224,8.179298638787893,5.579682340342427,0.0,1.0
12.599999999999987,95.45004940191444,8.415516343430385,5.759356616748367,0.0,1.0
12.799999999999986,95.38341739893953,8.534486008290775,5.849469366568191,0.0,1.0
12.999999999999986,95.33894978266223,8.614214390376915,5.909607123228292,0.0,1.0
13.199999999999985,95.20352560719068,8.856709907074572,6.0892906615277544,0.0,1.0
13.399999999999984,95.06700172422941,9.101895105314142,6.268976063449809,0.0,1.0
13.599999999999984,94.99852581688077,9.225370401561795,6.359100374793986,0.0,1.0
13.799999999999983,94.95282661783712,9.308107514042177,6.419247206026468,0.0,1.0
13.999999999999982,94.81376121997887,9.559506250099481,6.598941991977266,0.0,1.0
14.199999999999982,94.67360235688491,9.813579369555303,6.77863869245669,0.0,1.0
14.39999999999998,94.6032962916907,9.941525142677303,6.868777608114287,0.0,1.0
14.59999999999998,94.55637410236555,10.027248609763712,6.928936219670274,0.0,1.0
14.79999999999998,94.41368805050581,10.28750008195996,7.108642571909906,0.0,1.0
14.999999999999979,94.269914735534,10.55041073727302,7.28835089023174,0.0,1.0
15.199999999999978,94.19778831618095,10.682802837134158,7.378504737842849,0.0,1.0
15.399999999999977,94.0521790890724,10.950202443842915,7.558218869055143,0.0,1.0
15.599999999999977,93.90548735114804,11.220249423805184,7.737935331543794,0.0,1.0
15.799999999999976,93.831874653702,11.356262303296356,7.8281204623932945,0.0,1.0
15.999999999999975,93.6833550768639,11.630778090343297,8.007843521486388,0.0,1.0
16.199999999999974,93.53375768838342,11.907929563495548,8.187569291567085,0.0,1.0
16.399999999999974,93.45866238299931,12.04755283372293,8.277788524179995,0.0,1.0
16.599999999999973,93.30724511285024,12.329153218329234,8.45752174473576,0.0,1.0
16.799999999999972,93.15475467804785,12.6133777233659,8.637258068398927,0.0,1.0
16.99999999999997,93.07818229812806,12.75659762345582,8.727511847783573,0.0,1.0
17.19999999999997,92.92387986728149,13.045251325094668,8.907256464698547,0.0,1.0
17.39999999999997,92.76850888415558,13.336517670315944,9.087004568569487,0.0,1.0
17.59999999999997,92.69046552142706,13.483319423077122,9.177292640305474,0.0,1.0
17.79999999999997,92.53329037174424,13.778995404565203,9.357049845869247,0.0,1.0
17.999999999999968,92.37505121651294,14.077272699394403,9.53681095023754,0.0,1.0
18.199999999999967,92.2955399906437,14.227647120032648,9.627136418362284,0.0,1.0
18.399999999999967,92.13550437475389,14.530314754470387,9.806907510270776,0.0,1.0
18.599999999999966,91.97440922563598,14.835572536049655,9.986682948863624,0.0,1.0
18.799999999999965,91.81225605581534,15.143416600394161,10.166463061614458,0.0,1.0
18.999999999999964,91.64904636187822,15.453843117998748,10.34624818424987,0.0,1.0
19.199999999999964,91.48478162391302,15.766848295377557,10.526038661187277,0.0,1.0
19.399999999999963,91.31946331646546,16.082428354308867,10.705834833438033,0.0,1.0
19.599999999999962,91.15309289713173,16.400579553525652,10.885637051043481,0.0,1.0
19.79999999999996,90.9856718059514,16.721298189968582,11.065445673539955,0.0,1.0
19.99999999999996,90.81720146476391,17.044580600114955,11.245261070449624,0.0,1.0
20.19999999999996,90.64768327652578,17.37042316138978,11.425083621799573,0.0,1.0
20.39999999999996,90.47711862458519,17.69882229366574,11.6049137186716,0.0,1.0
20.59999999999996,90.30550887191032,18.02977446085939,11.784751763785517,0.0,1.0
20.799999999999958,90.1328553602677,18.363276172631764,11.964598172118935,0.0,1.0
20.999999999999957,89.95915940934601,18.699323986202202,12.14445337156686,0.0,1.0
21.199999999999957,89.78442231582079,19.03791450828529,12.32431780364469,0.0,1.0
21.399999999999956,89.60864535235464,19.379044397161714,12.504191924238626,0.0,1.0
21.599999999999955,89.43182976652729,19.722710364895033,12.684076204407907,0.0,1.0
21.799999999999955,89.25399385616755,20.06886739932299,12.86397113124457,0.0,1.0
21.999999999999954,89.07516518168649,20.417447824302084,13.043877194973343,0.0,1.0
22.199999999999953,88.89537082519519,20.76838513107411,13.223794891525664,0.0,1.0
22.399999999999952,88.71463725486907,21.121614317140814,13.403724708500253,0.0,1.0
22.59999999999995,88.5329903664065,21.477071781509196,13.583667131801986,0.0,1.0
22.79999999999995,88.35045549254608,21.834695301617757,13.763622645217795,0.0,1.0
22.99999999999995,88.16705741209188,22.19442401147417,13.943591729978419,0.0,1.0
23.19999999999995,87.98282044965143,22.556198146673523,14.123574886671383,0.0,1.0
23.39999999999995,87.79776868442868,22.91995853383689,14.303572634671719,0.0,1.0
23.599999999999948,87.61192602917588,23.2856464294319,14.483585448163598,0.0,1.0
23.799999999999947,87.42531513472119,23.653206176616823,14.663613802955439,0.0,1.0
23.999999999999947,87.23795815665291,24.022583332760117,14.843658169805073,0.0,1.0
24.199999999999946,87.0498767692801,24.393724635548764,15.02371901388916,0.0,1.0
24.399999999999945,86.86109231536271,24.76657762251569,15.203796823070345,0.0,1.0
24.599999999999945,86.67160820856114,25.141133706926936,15.38389206666503,0.0,1.0
24.799999999999944,86.4814246473636,25.517392168879425,15.564005213211901,0.0,1.0
24.999999999999943,86.29054179936205,25.895352352149754,15.744136755075807,0.0,1.0
25.199999999999942,86.09895981804164,26.275013631163382,15.924287192352942,0.0,1.0
25.39999999999994,85.90667883724029,26.656375421999492,16.10445703797245,0.0,1.0
25.59999999999994,85.71369895609128,27.039437212280223,16.284646831598774,0.0,1.0
25.79999999999994,85.5200202485367,27.424198542490306,16.464857130439643,0.0,1.0
25.99999999999994,85.32564277419918,27.810658984526306,16.64508849894896,0.0,1.0
26.19999999999994,85.13056655341894,28.198818191279507,16.825341531812864,0.0,1.0
26.399999999999938,84.93479159035049,28.588675850949894,17.005616832302067,0.0,1.0
26.599999999999937,84.73831784630633,28.980231740082026,17.18591503663787,0.0,1.0
26.799999999999937,84.5411452642333,29.373485675077138,17.366236791197633,0.0,1.0
26.999999999999936,84.3432737401745,29.768437569067682,17.54658277841127,0.0,1.0
27.199999999999935,84.1447031492472,30.165087380379205,17.726953692719597,0.0,1.0
27.399999999999935,83.94543331500371,30.56343517369286,17.90735026817631,0.0,1.0
27.599999999999934,83.74546403704625,30.96348106518122,18.08777325304785,0.0,1.0
27.799999999999933,83.54479505802921,31.365225288486247,18.26822343932601,0.0,1.0
27.999999999999932,83.3434260930616,31.768668136222797,18.44870163584556,0.0,1.0
28.199999999999932,83.14135679404579,32.17381003139662,18.62920869994989,0.0,1.0
28.39999999999993,82.93858678103425,32.58065146493616,18.80974550898916,0.0,1.0
28.59999999999993,82.73511560354058,32.98919307329723,18.990312994428262,0.0,1.0
28.79999999999993,82.53094277403467,33.39943557164836,19.170912111573667,0.0,0.9471321
28.99999999999993,82.32609748393665,33.811307030401146,19.351543876481553,0.0,0.8705396
29.19999999999993,82.12062439506037,34.224697670281245,19.532209302907884,0.0,0.7947084
29.399999999999928,81.91457148814526,34.63948956831521,19.712909451423585,0.0,0.7218796
29.599999999999927,81.70798274379658,35.055574653784106,19.893645252049087,0.0,0.64995766
29.799999999999926,81.5009014443005,35.4728465493788,20.07441766508791,0.0,0.57974666
29.999999999999925,81.29336978586892,35.891201559971705,20.255227600995365,0.0,0.51119816
30.199999999999925,81.08542892792602,36.31053855428506,20.4360759158669,0.0,0.4442737
30.399999999999924,80.87711903499269,36.730758864564116,20.61696340713753,0.0,0.36372852
30.599999999999923,80.66848855688134,37.151743553660225,20.79789086840186,0.0,0.31673223
30.799999999999923,80.45956570657314,37.57342334620496,20.978858795096475,0.0,0.25474262
30.999999999999922,80.25039015048779,37.99570089298127,21.159867784952308,0.0,0.1933359
31.19999999999992,80.04100849696668,38.4184618528057,21.340918450550582,0.0,0.13355534
31.39999999999992,79.8314568583473,38.84161759853811,21.52201133674963,0.0,0.07117568
31.59999999999992,79.62177314804282,39.26507518659478,21.703146808045176,0.0,0.035772778
31.79999999999992,79.41197879492567,39.68878206559952,21.88432510874166,0.0,0.005021559
31.99999999999992,79.20209275706777,40.11269187944442,22.065546183038062,0.0,0.0
32.19999999999992,78.9921187532082,40.53679558464372,22.24680992090511,0.0,0.0
32.39999999999992,78.7820569044807,40.96109294354931,22.42811620489228,0.0,0.0
32.59999999999992,78.57190733219366,41.385583718127776,22.609464917464855,0.0,0.0
32.799999999999926,78.36167015783496,41.81026766995075,22.790855940999872,0.0,0.0
32.99999999999993,78.15134550307678,42.23514456018512,22.972289157781994,0.0,0.0
33.19999999999993,77.94093348978048,42.66021414958317,23.15376444999935,0.0,0.0
33.399999999999935,77.73043424000156,43.08547619847253,23.335281699739323,0.0,0.0
33.59999999999994,77.51984787599469,43.51093046674607,23.516840788984293,0.0,0.0
33.79999999999994,77.30917452021878,43.936576713851636,23.698441599607335,0.0,0.0
33.99999999999994,77.09841429534207,44.36241469878168,23.880084013367856,0.0,0.0
34.199999999999946,76.88756732424739,44.788444180062704,24.061767911907197,0.0,0.0
34.39999999999995,76.67663373003737,45.21466491574467,24.24349317674417,0.0,0.0
34.59999999999995,76.46561363603979,45.641076663390194,24.425259689270558,0.0,0.0
34.799999999999955,76.25450716581298,46.06767918006364,24.60706733074655,0.0,0.0
34.99999999999996,76.04331444315126,46.494472222320084,24.78891598229612,0.0,0.0
35.19999999999996,75.83203559209046,46.92145554619409,24.970805524902374,0.0,0.0
35.39999999999996,75.62067073691355,47.34862890718842,25.152735839402798,0.0,0.0
35.599999999999966,75.40922000215629,47.775992060262524,25.3347068064845,0.0,0.0
35.79999999999997,75.19768351261295,48.20354475982092,25.516718306679355,0.0,0.0
35.99999999999997,74.9860613933422,48.631286759701425,25.69877022035911,0.0,0.0
36.199999999999974,74.7743537696729,49.0592178131632,25.880862427730417,0.0,0.0
36.39999999999998,74.56256076721014,49.4873376728747,26.062994808829824,0.0,0.0
36.59999999999998,74.35068251184126,49.91564609090139,26.245167243518683,0.0,0.0
36.79999999999998,74.13871912974196,50.34414281869335,26.427379611478,0.0,0.0
36.999999999999986,73.92667074738254,50.77282760707269,26.609631792203228,0.0,0.0
37.19999999999999,73.71453749153417,51.20170020622083,26.791923664998986,0.0,0.0
37.39999999999999,73.50231948927525,51.63076036566554,26.97425510897372,0.0,0.0
37.599999999999994,73.29001686799788,52.0600078342679,27.156626003034273,0.0,0.0
37.8,73.07762975541439,52.489442360209004,27.33903622588042,0.0,0.0
38.0,72.865158279564,52.9190636909765,27.521485655999303,0.0,0.0
38.2,72.65260256881952,53.34887157335099,27.7039741716598,0.0,0.0
38.400000000000006,72.43996275189416,53.77886575339218,27.886501650906837,0.0,0.0
38.60000000000001,72.22723895784846,54.209045976424875,28.069067971555594,0.0,0.0
38.80000000000001,72.01443131609726,54.639411987024765,28.25167301118567,0.0,0.0
39.000000000000014,71.80153995641686,55.069963529004035,28.434316647135134,0.0,0.0
39.20000000000002,71.58856500895214,55.50070034539673,28.61699875649453,0.0,0.0
39.40000000000002,71.37550660422394,55.931622178443966,28.79971921610078,0.0,0.0
39.60000000000002,71.1623648731364,56.36272876957887,28.982477902531,0.0,0.0
39.800000000000026,70.9491399469845,56.794019859411385,29.16527469209625,0.0,0.0
40.00000000000003,70.73583195746167,57.22549518771275,29.348109460835197,0.0,0.0
40.20000000000003,70.52244103666752,57.65715449339988,29.530982084507663,0.0,0.0
40.400000000000034,70.30896731711566,58.088997514519406,29.713892438588122,0.0,0.0
40.60000000000004,70.09541093174167,58.521023988231576,29.896840398259073,0.0,0.0
40.80000000000004,69.88177201391112,58.95323365079386,30.079825838404346,0.0,0.0
41.00000000000004,69.66805069742782,59.38562623754433,30.2628486336023,0.0,0.0
41.200000000000045,69.45424711654204,59.81820148288481,30.445908658118917,0.0,0.0
41.40000000000005,69.24036140595899,60.250959120263765,30.62900578590082,0.0,0.0
41.60000000000005,69.02639370084738,60.683898882158935,30.812139890568172,0.0,0.0
41.800000000000054,68.81234414162533,61.1170204904153,30.99531084131934,0.0,0.0
42.00000000000006,68.59821303323987,61.55032333467907,31.178518366656824,0.0,0.0
42.20000000000006,68.38400060230187,61.9838069626792,31.361762262241985,0.0,0.0
42.40000000000006,68.16970707562142,62.41747092168648,31.545042323677624,0.0,0.0
42.600000000000065,67.95533268021825,62.85131475849253,31.728358346499125,0.0,0.0
42.80000000000007,67.7408776433322,63.28533801938857,31.911710126165506,0.0,0.0
43.00000000000007,67.52634219243387,63.71954025014395,32.09509745805036,0.0,0.0
43.200000000000074,67.31172655523541,64.15392099598436,32.278520137432686,0.0,0.0
43.40000000000008,67.0970309597014,64.58847980156979,32.46197795948762,0.0,0.0
43.60000000000008,66.88225563405989,65.02321621097217,32.64547071927706,0.0,0.0
43.80000000000008,66.66740080681362,65.4581297676528,32.82899821174016,0.0,0.0
44.000000000000085,66.45246670675131,65.89322001443944,33.012560231683764,0.0,0.0
44.20000000000009,66.23745356295916,66.32848649350302,33.19615657377262,0.0,0.0
44.40000000000009,66.02236160483247,66.76392874633422,33.37978703251958,0.0,0.0
44.600000000000094,65.80719106208741,67.19954631371951,33.563451402275625,0.0,0.0
44.8000000000001,65.59194216477297,67.63533873571711,33.747149477219764,0.0,0.0
45.0000000000001,65.37661514328306,68.0713055516324,33.93088105134883,0.0,0.0
45.2000000000001,65.16121022836876,68.50744629999318,34.114645918467104,0.0,0.0
45.400000000000105,64.94572765115076,68.9437605185244,34.29844387217587,0.0,0.0
45.60000000000011,64.73016764313196,69.38024774412271,34.482274705862764,0.0,0.0
45.80000000000011,64.51453043621026,69.81690751283058,34.66613821269101,0.0,0.0
46.000000000000114,64.29881626269149,70.25373935981001,34.85003418558855,0.0,0.0
46.20000000000012,64.08302535530255,70.69074281931596,35.03396241723695,0.0,0.0
46.40000000000012,63.86715794720478,71.12791742466926,35.21792270006024,0.0,0.0
46.60000000000012,63.651214272007415,71.56526270822934,35.40191482621355,0.0,0.0
46.800000000000125,63.435194563781344,72.00277820136633,35.58593858757158,0.0,0.0
47.00000000000013,63.219099057072995,72.44046343443287,35.76999377571697,0.0,0.0
47.20000000000013,63.00292798691846,72.87831793673558,35.95408018192844,0.0,0.0
47.400000000000134,62.78668158885782,73.31634123650589,36.138197597168805,0.0,0.0
47.600000000000136,62.570360098949685,73.75453286087063,36.32234581207281,0.0,0.0
47.80000000000014,62.35396375378594,74.19289233582208,36.506524616934776,0.0,0.0
48.00000000000014,62.13749279050673,74.63141918618759,36.6907338016961,0.0,0.0
48.200000000000145,61.92094744681565,75.07011293559873,36.874973155932516,0.0,0.0
48.40000000000015,61.70432796099523,75.50897310645996,37.05924246884125,0.0,0.0
48.60000000000015,61.487634571922534,75.94799921991681,37.24354152922789,0.0,0.0
48.80000000000015,61.270867519085144,76.3871907958236,37.427870125493165,0.0,0.0
49.000000000000156,61.0540270425973,76.82654735271058,37.612228045619425,0.0,0.0
49.20000000000016,60.83711338321633,77.26606840775061,37.79661507715698,0.0,0.0
49.40000000000016,60.620126782359314,77.7057534767253,37.981031007210206,0.0,0.0
49.600000000000165,60.40306748212007,78.14560207399059,38.16547562242346,0.0,0.0
49.80000000000017,60.185935725286335,78.58561371244176,38.34994870896673,0.0,0.0
50.00000000000017,59.96873175535727,79.0257879034779,38.534450052521116,0.0,0.0
50.20000000000017,59.751455816561254,79.46612415696583,38.718979438264064,0.0,0.0
50.400000000000176,59.534108153873966,79.90662198120332,38.90353665085433,0.0,0.0
50.60000000000018,59.31668901303672,80.34728088288179,39.08812147441676,0.0,0.0
50.80000000000018,59.099198640575175,80.78810036704841,39.27273369252679,0.0,0.0
51.000000000000185,58.881637283818286,81.22907993706747,39.45737308819472,0.0,0.0
51.20000000000019,58.66400519091765,81.67021909458114,39.6420394438497,0.0,0.0
51.40000000000019,58.4463026108671,82.1115173394696,39.82673254132347,0.0,0.0
51.60000000000019,58.22852979352268,82.55297416981045,40.01145216183387,0.0,0.0
51.800000000000196,58.01068698962296,82.99458908183743,40.196198085968,0.0,0.0
52.0000000000002,57.792774450809674,83.43636156989845,40.38097009366514,0.0,0.0
52.2000000000002,57.57479242964873,83.87829112641283,40.565767964199416,0.0,0.0
52.400000000000205,57.3567411796516,84.32037724182788,40.75059147616209,0.0,0.0
52.60000000000021,57.13862095529706,84.76261940457464,40.93544040744364,0.0,0.0
52.80000000000021,56.920432012053304,85.20501710102283,41.120314535215456,0.0,0.0
53.00000000000021,56.70217460640051,85.64756981543515,41.30521363591125,0.0,0.0
53.200000000000216,56.48384899585374,86.0902770299205,41.49013748520817,0.0,0.0
53.40000000000022,56.265455438986265,86.53313822438663,41.67508585800755,0.0,0.0
53.60000000000022,56.046994195453344,86.97615287649174,41.86005852841529,0.0,0.0
53.800000000000225,55.828465526016394,87.41932046159528,42.04505526972198,0.0,0.0
54.00000000000023,55.60986969256763,87.86264045270784,42.23007585438259,0.0,0.0
54.20000000000023,55.39120695815514,88.3061123204401,42.41512005399583,0.0,0.0
54.40000000000023,55.172477587008416,88.74973553295091,42.600187639283114,0.0,0.0
54.600000000000236,54.953681844564386,89.19350955589425,42.78527838006717,0.0,0.0
54.80000000000024,54.7348199974939,89.63743385236538,42.97039204525025,0.0,0.0
55.00000000000024,54.51589231372873,90.08150788284581,43.15552840279192,0.0,0.0
55.200000000000244,54.29689906248906,90.52573110514737,43.34068721968648,0.0,0.0
55.40000000000025,54.07784051431155,90.97010297435513,43.5258682619399,0.0,0.0
55.60000000000025,53.85871694107787,91.41462294276924,43.7110712945464,0.0,0.0
55.80000000000025,53.6395286160438,91.8592904598457,43.89629608146454,0.0,0.0
56.000000000000256,53.4202758138689,92.30410497213587,44.08154238559286,0.0,0.0
56.20000000000026,53.20095881064677,92.74906592322499,44.26680996874507,0.0,0.0
56.40000000000026,52.98157788393588,93.1941727536693,44.45209859162477,0.0,0.0
56.600000000000264,52.76213331279098,93.63942490093207,44.63740801379964,0.0,0.0
56.80000000000027,52.5426253777952,94.08482179931829,44.82273799367522,0.0,0.0
57.00000000000027,52.32305436109267,94.53036287990808,45.008088288468045,0.0,0.0
57.20000000000027,52.10342054642195,94.97604757048882,45.19345865417839,0.0,0.0
57.400000000000276,51.883724219149954,95.42187529548579,45.3788488455624,0.0,0.0
57.60000000000028,51.66396566630668,95.8678454758916,45.56425861610366,0.0,0.0
57.80000000000028,51.44414517662061,96.313957529194,45.74968771798423,0.0,0.0
58.000000000000284,51.2242630405548,96.76021086930234,45.93513590205512,0.0,0.0
58.20000000000029,51.004319550343745,97.20660490647249,46.1206029178061,0.0,0.0
58.40000000000029,50.78431500003098,97.65313904723021,46.306088513334956,0.0,0.0
58.60000000000029,50.564249685507455,98.0998126942929,46.49159243531608,0.0,0.0
58.800000000000296,50.34412390455075,98.54662524648977,46.677114428968466,0.0,0.0
59.0000000000003,50.12393795686503,98.99357609868036,46.862654238022984,0.0,0.0
59.2000000000003,49.90369214412191,99.44066464167128,47.04821160468902,0.0,0.0
59.400000000000304,49.68338677000217,99.88789026213117,47.23378626962041,0.0,0.0
59.60000000000031,49.4630221402383,100.33525234250399,47.41937797188062,0.0,0.0
59.80000000000031,49.24259856265802,100.78275026092032,47.60498644890727,0.0,0.0
60.00000000000031,49.02211634722869,101.23038339110681,47.79061143647583,0.0,0.0
60.200000000000315,48.80157580610271,101.67815110229367,47.97625266866258,0.0,0.0
60.40000000000032,48.58097725366389,102.12605275912014,48.16190987780678,0.0,0.0
60.60000000000032,48.36032100657478,102.57408772153795,48.34758279447199,0.0,0.0
60.800000000000324,48.13960738382514,103.02225534471256,48.533271147406595,0.0,0.0
61.00000000000033,47.91883670678136,103.47055497892235,48.71897466350343,0.0,0.0
61.20000000000033,47.69800929923709,103.91898596945548,48.90469306775855,0.0,0.0
61.40000000000033,47.477125487464875,104.36754765650447,49.09042608322906,0.0,0.0
61.600000000000335,47.25618560026905,104.81623937505847,49.27617343099005,0.0,0.0
61.80000000000034,47.03518996903975,105.26506045479307,49.461934830090534,0.0,0.0
62.00000000000034,46.81413892780819,105.7140102199576,49.64770999750842,0.0,0.0
62.200000000000344,46.59303281330315,106.16308798925989,49.833498648104474,0.0,0.0
62.40000000000035,46.3718719650088,106.61229307574843,50.0193004945752,0.0,0.0
62.60000000000035,46.150656725223826,107.06162478669171,50.205115247404706,0.0,0.0
62.80000000000035,45.9293874391219,107.51108242345494,50.39094261481544,0.0,0.0
63.000000000000355,45.708064454813616,107.96066528137375,50.57678230271774,0.0,0.0
63.20000000000036,45.48668812340976,108.41037264962506,50.76263401465833,0.0,0.0
63.40000000000036,45.2652587990862,108.86020381109485,50.94849745176752,0.0,0.0
63.600000000000364,45.043776839150176,109.31015804224282,51.134372312705196,0.0,0.0
63.80000000000037,44.82224260410826,109.7602346129639,51.32025829360556,0.0,0.0
64.00000000000037,44.600656457735866,110.21043278644636,51.506155088020556,0.0,0.0
64.20000000000037,44.379018767148445,110.66075181902661,51.69206238686191,0.0,0.0
64.40000000000038,44.15732990287441,111.11119096004049,51.87797987834186,0.0,0.0
64.60000000000038,43.9355902389298,111.56174945167089,52.06390724791238,0.0,0.0
64.80000000000038,43.71380015289476,112.01242652879178,52.24984417820299,0.0,0.0
65.00000000000038,43.49196002599192,112.46322141880827,52.43579034895704,0.0,0.0
65.20000000000039,43.27007024316666,112.91413334149293,52.621745436966414,0.0,0.0
65.40000000000039,43.04813119316936,113.36516150881785,52.80770911600466,0.0,0.0
65.60000000000039,42.82614326863976,113.8163051247827,52.99368105675845,0.0,0.0
65.8000000000004,42.60410686619333,114.26756338523842,53.17966092675733,0.0,0.0
66.0000000000004,42.38202238650985,114.71893547770645,53.36564839030175,0.0,0.0
66.2000000000004,42.15989023442428,115.17042058119348,53.551643108389236,0.0,0.0
66.4000000000004,41.93771081901981,115.62201786600139,53.73764473863872,0.0,0.0
66.6000000000004,41.715484553723414,116.07372649353242,53.92365293521297,0.0,0.0
66.80000000000041,41.493211856403775,116.52554561608933,54.109667348739,0.0,0.0
67.00000000000041,41.27089314947177,116.97747437667034,54.29568762622645,0.0,0.0
67.20000000000041,41.048528859983534,117.42951190875884,54.48171341098387,0.0,0.0
67.40000000000042,40.82611941974625,117.88165733610751,54.66774434253281,0.0,0.0
67.60000000000042,40.60366526542667,118.33390977251686,54.85378005651965,0.0,0.0
67.80000000000042,40.38116683866253,118.78626832160789,55.0398201846252,0.0,0.0
68.00000000000043,40.158624586176906,119.23873207658876,55.22586435447178,0.0,0.0
68.20000000000043,39.936038959895605,119.69130012001513,55.411912189527946,0.0,0.0
68.40000000000043,39.71341041706773,120.14397152354421,55.59796330901059,0.0,0.0
68.60000000000043,39.49073942038947,120.59674534768209,55.78401732778447,0.0,0.0
68.80000000000044,39.26802643813126,121.04962064152423,55.97007385625898,0.0,0.0
69.00000000000044,39.04527194426841,121.50259644248891,56.15613250028214,0.0,0.0
69.20000000000044,38.82247641861528,121.95567177604329,56.342192861031684,0.0,0.0
69.40000000000045,38.59964034696324,122.40884565542201,56.52825453490314,0.0,0.0
69.60000000000045,38.376764221222324,122.86211708133793,56.71431711339483,0.0,0.0
69.80000000000045,38.15384853956696,123.31548504168478,56.90038018298964,0.0,0.0
70.00000000000045,37.93089380658571,123.76894851123154,57.08644332503358,0.0,0.00036514737
70.20000000000046,37.70790050383499,124.22250652372999,57.27250611561076,0.0,0.0068497155
70.40000000000046,37.48486845997425,124.67615964480146,57.458568261903636,0.0,0.013312871
70.60000000000046,37.261797522072655,125.12990840184747,57.6446294574495,0.0,0.019479653
70.80000000000047,37.03868754912146,125.58375328791877,57.83068940614854,0.0,0.025553262
71.00000000000047,36.815538418610544,126.03769475377405,58.01674780596527,0.0,0.031561635
71.20000000000047,36.59235012989026,126.49173295506061,58.202804348784056,0.0,0.037497893
71.40000000000047,36.36912269462682,126.94586802040041,58.38885872027437,0.0,0.043394968
71.60000000000048,36.14585613701955,127.4001000518365,58.574910597934924,0.0,0.04920765
71.80000000000048,35.92255049351667,127.85442912422027,58.76095965370998,0.0,0.054959893
72.00000000000048,35.699205813565854,128.30885528430576,58.94700555212781,0.0,0.0606205
72.20000000000049,35.47582215904637,128.7633785510899,59.13304795239925,0.0,0.066205956
72.40000000000049,35.25239960530811,129.21799891412678,59.31908650670448,0.0,0.07219857
72.60000000000049,35.028938247232595,129.6727163337178,59.50512083015467,0.0,0.0794179
72.8000000000005,34.80543820481555,130.12753075078845,59.6911504537206,0.0,0.08515312
73.0000000000005,34.58189960282063,130.5824420577767,59.877174982017195,0.0,0.08967139
73.2000000000005,34.358322617751234,131.03745001017617,60.06319404036851,0.0,0.094165996
73.4000000000005,34.134707466841924,131.49255428000117,60.24920722174669,0.0,0.0976355
73.6000000000005,33.911054399168606,131.9477544479728,60.43521414589989,0.0,0.10116105
73.80000000000051,33.6873637090294,132.40305000424613,60.621214392421635,0.0,0.10402124
74.00000000000051,33.463635712760684,132.85844037689628,60.80720755722463,0.0,0.10678335
74.20000000000051,33.239870770763574,133.31392490182012,60.993193204955325,0.0,0.109744936
74.40000000000052,33.01606926957876,133.7695028667695,61.17917086864055,0.0,0.111941345
74.60000000000052,32.79223162514714,134.2251734798934,61.36514009664807,0.0,0.11389197
74.80000000000052,32.568358279597206,134.68093588964572,61.55110042859156,0.0,0.11657874
75.00000000000053,32.34444971714825,135.13678917776411,61.737051331553005,0.0,0.118187234
75.20000000000053,32.12050642416679,135.59273239365567,61.92299232676863,0.0,0.119259425
75.40000000000053,31.896528932586648,136.0487644801957,62.108922925562425,0.0,0.12022921
75.60000000000053,31.672517768689953,136.50488438894044,62.29484264955218,0.0,0.1205799
75.80000000000054,31.448473510573034,136.96109095009493,62.48075100951432,0.0,0.121437095
76.00000000000054,31.22439672228692,137.4173830352567,62.66664750216842,0.0,0.12146195
76.20000000000054,31.000288031724242,137.87375936475289,62.852531614377284,0.0,0.12230453
76.40000000000055,30.776148033204432,138.33021874796395,63.038402819181464,0.0,0.122157276
76.60000000000055,30.55197741779679,138.78675977208255,63.22426056056869,0.0,0.12354799
76.80000000000055,30.32777679654485,139.2433812262353,63.41010427025079,0.0,0.122237995
77.00000000000055,30.10354693979363,139.7000815063225,63.5959333868782,0.0,0.124203004
77.20000000000056,29.879288430821084,140.15685947222883,63.78174733651274,0.0,0.121094264
77.40000000000056,29.655002185186444,140.61371317824873,63.96754553043618,0.0,0.12593417
77.60000000000056,29.430688642009784,141.07064185054008,64.15332736757523,0.0,0.118152365
77.80000000000057,29.206349039404802,141.52764276780462,64.33909223203315,0.0,0.13224202
78.00000000000057,28.98198327842849,141.98471648626048,64.524839495534,0.0,0.11229448
78.20000000000057,28.75759339259757,142.44185835605265,64.71056850712856,0.0,0.15628524
78.40000000000057,28.533177464015523,142.8990733952667,64.89627861553765,0.0,0.10603359
78.60000000000058,28.308739442650786,143.35635228286895,65.08196913434729,0.0,0.18545467
78.80000000000058,28.08427525680271,143.81370532020742,65.26763938501817,0.0,0.100970715
79.00000000000058,27.859791009584033,144.27111793408966,65.45328864941789,0.0,0.19482458
79.20000000000059,27.635281782067636,144.72860251560613,65.63891621527712,0.0,0.096144505
79.40000000000059,27.410754603789833,145.1861422464077,65.82452132148468,0.0,0.2058611
79.60000000000059,27.18620363089719,145.64375180105586,66.01010321479481,0.0,0.09145221
79.8000000000006,26.961636904521306,146.10141190404292,66.19566109834841,0.0,0.21906999
80.0000000000006,26.737047528910395,146.55913982313814,66.3811941797651,0.0,0.0
80.2000000000006,26.512395240457664,147.0170105810899,66.43341610314879,15.147550997172358,0.0
80.4000000000006,26.287717667500633,147.4749327596202,66.61899224401844,15.147550997172358,0.0
80.6000000000006,26.063016388340603,147.93290314897,66.80458796541681,15.147550997172358,0.0
80.80000000000061,25.838293008073283,148.39091848488908,66.99020194158867,15.147550997172358,0.0
81.00000000000061,25.613549159566382,148.84897544664778,67.17583282384003,15.147550997172358,0.0
81.20000000000061,25.388786504476297,149.30707065496952,67.36147923969843,15.147550997172358,0.0
81.40000000000062,25.164006734305776,149.76520066987982,67.54713979203933,15.147550997172358,0.0
81.60000000000062,24.93921157150466,150.2233619884677,67.73281305817692,15.147550997172358,0.0
81.80000000000062,24.714402770615823,150.68155104255527,67.91849758891762,15.147550997172358,0.0
82.00000000000063,24.489582119468622,151.13976419627056,68.10419190757435,15.147550997172358,0.0
82.20000000000063,24.26475144042227,151.597997743519,68.2898945089395,15.147550997172358,0.0
82.40000000000063,24.039912591661707,152.05624790534787,68.47560385821461,15.147550997172358,0.0
82.60000000000063,23.815067468548698,152.51451082719882,68.66131838989445,15.147550997172358,0.0
82.80000000000064,23.59021800503101,152.97278257604188,68.84703650660299,15.147550997172358,0.0
83.00000000000064,23.365366175112758,153.4310591373853,69.03275657787904,15.147550997172358,0.0
83.20000000000064,23.140513994389174,153.8893364121543,69.21847693890854,15.147550997172358,0.0
83.40000000000065,22.9156635216492,154.34761021343203,69.40419588920085,15.147550997172358,0.0
83.60000000000065,22.690816860549624,154.80587626305476,69.58991169120601,15.147550997172358,0.0
83.80000000000065,22.465976161364594,155.26413018805397,69.7756225688697,15.147550997172358,0.0
84.00000000000065,22.24114362281471,155.72236751693663,69.96132670612239,15.147550997172358,0.0
84.20000000000066,22.016321493980033,156.18058367579468,70.14702224529942,15.147550997172358,0.0
84.40000000000066,21.791512076301736,156.63877398423435,70.33270728548754,15.147550997172358,0.0
84.60000000000066,21.56671772567737,157.096933651115,70.51837988079437,15.147550997172358,0.0
84.80000000000067,21.341940854655086,157.5550577700869,70.70403803853605,15.147550997172358,0.0
85.00000000000067,21.11718393473242,158.01314131491614,70.8896797173385,15.147550997172358,0.0
85.20000000000067,20.892449498765778,158.4711791345845,71.07530282514725,15.147550997172358,0.0
85.40000000000067,20.667740143496978,158.92916594815134,71.26090521714063,15.147550997172358,0.0
85.60000000000068,20.44305853220381,159.38709633936315,71.44648469354053,15.147550997172358,0.0
85.80000000000068,20.218407397481947,159.84496475099607,71.63203899731452,15.147550997172358,0.0
86.00000000000068,19.993789544166074,160.30276547891526,71.81756581176325,15.147550997172358,0.0
86.20000000000068,19.769207852398672,160.76049266583397,72.00306275798557,15.147550997172358,0.0
86.40000000000069,19.54466528085546,161.21814029475394,72.1885273922146,15.147550997172358,0.0
86.60000000000069,19.320164870137173,161.67570218206774,72.37395720301606,15.147550997172358,0.0
86.8000000000007,19.095709746337967,162.13317197030173,72.55934960834102,15.147550997172358,0.0
87.0000000000007,18.871303124801635,162.5905431204771,72.74470195242334,15.147550997172358,0.0
87.2000000000007,18.646948314077466,163.04780890406488,72.93001150251224,15.147550997172358,0.0
87.4000000000007,18.42264872008859,163.504962394509,73.11527544542945,15.147550997172358,0.0
87.6000000000007,18.198407850526525,163.96199645828904,73.30049088393939,15.147550997172358,0.0
87.80000000000071,17.97422931948673,164.41890374549308,73.4856548329204,15.147550997172358,0.0
88.00000000000071,17.750116852361046,164.87567667986804,73.67076421532377,15.147550997172358,0.0
88.20000000000071,17.526074291004164,165.33230744831272,73.85581585790635,15.147550997172358,0.0
88.40000000000072,17.302105599192608,165.78878798977598,74.04080648672165,15.147550997172358,0.0
88.60000000000072,17.07821486839607,166.2451099835197,74.2257327223529,15.147550997172358,0.0
88.80000000000072,16.854406323882667,166.70126483670268,74.41059107487034,15.147550997172358,0.0
89.00000000000072,16.63068433118125,167.15724367123826,74.59537793849353,15.147550997172358,0.0
89.20000000000073,16.407053402925897,167.61303730987498,74.78008958593804,15.147550997172358,0.0
89.40000000000073,16.183518206109706,168.06863626144454,74.9647221624241,15.147550997172358,0.0
89.60000000000073,15.960083569777263,168.52403070521785,75.1492716793228,15.147550997172358,0.0
89.80000000000074,15.736754493187613,168.9792104743042,75.33373400741381,15.147550997172358,0.0
90.00000000000074,15.513536154482264,169.43416503802325,75.5181048697259,15.147550997172358,0.0
90.20000000000074,15.290433919895674,169.88888348317388,75.70237983392937,15.147550997172358,0.0
90.40000000000074,15.067453353548927,170.34335449411702,75.88655430424677,15.147550997172358,0.0
90.60000000000075,14.844600227870835,170.79756633158243,76.0706235128455,15.147550997172358,0.0
90.80000000000075,14.621880534694636,171.25150681010155,76.25458251067222,15.147550997172358,0.0
91.00000000000075,14.399300497082717,171.70516327395984,76.4384261576861,15.147550997172358,0.0
91.20000000000076,14.176866581936554,172.15852257155225,76.62214911244335,15.147550997172358,0.0
91.40000000000076,13.954585513454276,172.61157102801477,76.80574582098184,15.147550997172358,0.0
91.60000000000076,13.732464287503984,173.0642944159937,76.9892105049491,15.147550997172358,0.0
91.80000000000076,13.510510186987393,173.51667792440097,77.17253714891255,15.147550997172358,0.0
92.00000000000077,13.288730798275346,173.96870612498958,77.35571948678428,15.147550997172358,0.0
92.20000000000077,13.06713402880456,174.42036293656744,77.53875098728673,15.147550997172358,0.0
92.40000000000077,12.845728125933645,174.87163158665027,77.72162483837825,15.147550997172358,0.0
92.60000000000078,12.624521697165985,175.32249457033473,77.9043339305497,15.147550997172358,0.0
92.80000000000078,12.40352373185776,175.77293360615124,78.08687083889431,15.147550997172358,0.0
93.00000000000078,12.182743624541262,176.2229295886319,78.26922780384346,15.147550997172358,0.0
93.20000000000078,11.962191200006819,176.67246253730184,78.45139671044981,15.147550997172358,0.0
93.40000000000079,11.741876740301425,177.12151154177266,78.63336906608734,15.147550997172358,0.0
93.60000000000079,11.521811013818587,177.57005470258304,78.81513597642412,15.147550997172358,0.0
93.8000000000008,11.302005306672271,178.01806906739415,78.99668811950848,15.147550997172358,0.0
94.0000000000008,11.08247145656843,178.46553056210587,79.17801571779226,15.147550997172358,0.0
94.2000000000008,10.86322188941059,178.91241391641265,79.35910850789587,15.147550997172358,0.0
94.4000000000008,10.644269658901877,179.35869258326582,79.53995570789826,15.147550997172358,0.0
94.6000000000008,10.425628489434832,179.80433865164935,79.72054598191143,15.147550997172358,0.0
94.80000000000081,10.2073128225931,180.24932275201036,79.90086740167158,15.147550997172358,0.0
95.00000000000081,9.989337867625753,180.6936139536105,80.080907404849,15.147550997172358,0.0
95.20000000000081,9.771719656296547,181.1371796529802,80.26065274974445,15.147550997172358,0.0
95.40000000000082,9.55447510255712,181.57998545256237,80.44008946600107,15.147550997172358,0.0
95.60000000000082,9.337622067546118,182.0219950285252,80.6192028009173,15.147550997172358,0.0
95.80000000000082,9.121179430475967,182.46316998660103,80.79797716089675,15.147550997172358,0.0
96.00000000000082,8.90516716603694,182.90346970467135,80.97639604751512,15.147550997172358,0.0
96.20000000000083,8.689606429024924,183.342851160661,81.15444198762042,15.147550997172358,0.0
96.40000000000083,8.474519646986769,183.78126874412735,81.33209645681102,15.147550997172358,0.0
96.60000000000083,8.259930621776219,184.2186740497279,81.50933979555393,15.147550997172358,0.0
96.80000000000084,8.04586464102648,184.65501565052088,81.6861511171121,15.147550997172358,0.0
97.00000000000084,7.832348600674067,185.0902388487911,81.86250820634393,15.147550997172358,0.0
97.20000000000084,7.6194111398152105,185.52428540179508,82.0383874083163,15.147550997172358,0.0
97.40000000000084,7.407082789343349,185.95709321948013,82.21376350553507,15.147550997172358,0.0
97.60000000000085,7.195396136007077,186.38859603084305,82.38860958243868,15.147550997172358,0.0
97.80000000000085,6.984386003745829,186.81872301515145,82.56289687562094,15.147550997172358,0.0
98.00000000000085,6.77408965440929,187.24739839374476,82.73659460804356,15.147550997172358,0.0
98.20000000000086,6.5645470102504655,187.67454097755467,82.90966980526431,15.147550997172358,0.0
98.40000000000086,6.355800900906196,188.10006366482597,83.08208709143945,15.147550997172358,0.0
98.60000000000086,6.147897337947941,188.5238728827681,83.25380846255389,15.147550997172358,0.0
98.80000000000086,5.940885820505434,188.94586796601473,83.4247930339864,15.147550997172358,0.0
99.00000000000087,5.734819675942157,189.36594046379892,83.59499675912303,15.147550997172358,0.0
99.20000000000087,5.529756440100205,189.783973366657,83.76437211528764,15.147550997172358,0.0
99.40000000000087,5.32575828223825,190.1998402422409,83.93286775275735,15.147550997172358,0.0
99.60000000000088,5.122892480463985,190.6134042684409,84.10042810207133,15.147550997172358,0.0
99.80000000000088,4.921231954213159,191.02451715049395,84.26699293422097,15.147550997172358,0.0
100.00000000000088,4.720855861148712,191.4330179070822,84.43249686763114,15.147550997172358,0.0
100.20000000000088,4.521850266736375,191.83873150863064,84.59686881511331,15.147550997172358,0.0
100.40000000000089,4.324308895677705,192.2414673491333,84.76003136320698,15.147550997172358,0.0
100.60000000000089,4.128333975312032,192.64101753094388,84.92190007555797,15.147550997172358,0.0
100.80000000000089,3.934037181974867,193.0371549401861,85.08238271125813,15.147550997172358,0.0
101.0000000000009,3.7415407020251115,193.42963108896433,85.24137834847245,15.147550997172358,0.0
101.2000000000009,3.550978419676502,193.81817369969517,85.39877640333009,15.147550997172358,0.0
101.4000000000009,3.3624972436613785,194.20248400709846,85.5544555341446,15.147550997172358,0.0
101.6000000000009,3.176258583775395,194.5822337553786,85.70828242183751,15.147550997172358,0.0
101.8000000000009,2.992439985997653,194.9570618729142,85.86011041938397,15.147550997172358,0.0
102.00000000000091,2.8112369304223863,195.32657081584122,86.00977806678142,15.147550997172358,0.0
102.20000000000091,2.6328647886322614,195.69032258738295,86.1571074743249,15.147550997172358,0.0
102.40000000000092,2.4575609249199375,196.04783446463887,86.30190258706851,15.147550997172358,0.0
102.60000000000092,2.285586906893671,196.3985745029212,86.4439473589393,15.147550997172358,0.0
102.80000000000092,2.117230762748974,196.7419569451878,86.58300388830658,15.147550997172358,0.0
103.00000000000092,1.952809181290696,197.0773377479023,86.71881060083747,15.147550997172358,0.0
103.20000000000093,1.7926694922441233,197.404010553716,86.85108061382633,15.147550997172358,0.0
103.40000000000093,1.637191183490344,197.7212036058974,86.9795004830092,15.147550997172358,0.0
103.60000000000093,1.4867866037567836,198.02807831928473,87.10372962216505,15.147550997172358,0.0
103.80000000000094,1.3419003610701221,198.32373050364015,87.22340079997343,15.147550997172358,0.0
104.00000000000094,1.203006761354861,198.60719557271918,87.3381222556462,15.147550997172358,0.0
104.20000000000094,1.0706044515512856,198.87745943845206,87.44748212353241,15.147550997172358,0.0
104.40000000000094,0.9452072711885452,199.13347711591229,87.55105598941223,15.147550997172358,0.0
104.60000000000095,0.8273302403132378,199.37420121937913,87.64841846399797,15.147550997172358,0.0
104.80000000000095,0.7174697255724705,199.5986222981684,87.73915956508439,15.147550997172358,0.0
105.00000000000095,0.6160772744071967,199.80582204949752,87.82290632962759,15.147550997172358,0.0
105.20000000000095,0.5235275420312685,199.9950385447313,87.89934930498467,15.147550997172358,0.0
105.40000000000096,0.44008223713580275,200.16573955226468,87.968272328553,15.147550997172358,0.0
105.60000000000096,0.3658539532073794,200.31769609303,88.02958240188839,15.147550997172358,0.0
105.80000000000096,0.3007756576228381,200.4510444899001,88.08333489168969,15.147550997172358,0.0
106.00000000000097,0.24458263534810393,200.5663230884182,88.12974844369802,15.147550997172358,0.0
106.20000000000097,0.1968128782087889,200.6644714651462,88.16920466117234,15.147550997172358,0.0
106.40000000000097,0.15682880130865728,200.74678626342927,88.20223016785602,15.147550997172358,0.0
106.60000000000097,0.12385835445118795,200.81483758593984,88.22946265132123,15.147550997172358,0.0
106.80000000000098,0.0970487909624942,200.87035964612357,88.25160645172441,15.147550997172358,0.0
107.00000000000098,0.07552356391744912,200.91513505950968,88.26938556743137,15.147550997172358,0.0
107.20000000000098,0.05843312292853729,200.9508915393217,88.28350169857318,15.147550997172358,0.0
107.40000000000099,0.04499331082029462,200.97922380994717,88.29460253268063,15.147550997172358,0.0
107.60000000000099,0.03450903603846863,201.0015454648439,88.30326219206817,15.147550997172358,0.0
107.80000000000099,0.026384313115245098,201.01906854745147,88.3099729407463,15.147550997172358,0.0
108.000000000001,0.020121758757428276,201.0328045759864,88.31514560063583,15.147550997172358,0.0
108.200000000001,0.015315191877308645,201.04357959260784,88.31911566369422,15.147550997172358,0.0
108.400000000001,0.011638581562075069,201.05205663970577,88.32215242052224,15.147550997172358,0.0
108.600000000001,0.008833759358155606,201.05876074917668,88.32446910960509,15.147550997172358,0.0
108.800000000001,0.006698449572200427,201.0641032849554,88.32623280388229,15.147550997172358,0.0
109.00000000000101,0.00507546744363657,201.06840391047018,88.32757333269501,15.147550997172358,0.0
109.20000000000101,0.0038434417115995965,201.07190945596847,88.32859094463463,15.147550997172358,0.0
109.40000000000101,0.0029091125009983016,201.0748095821482,88.32936266923056,15.147550997172358,0.0
109.60000000000102,0.0022010894246542833,201.07724947417762,88.3299474725486,15.147550997172358,0.0
109.80000000000102,0.0016648807904787026,201.07933995069493,88.33039036289907,15.147550997172358,0.0
110.00000000000102,0.0012589856531977648,201.08116541132253,88.33072561867107,15.147550997172358,0.0
110.20000000000103,0.0009518506381100791,201.08279002551234,88.33097930189399,15.147550997172358,0.0
110.40000000000103,0.0007195170087663336,201.08426251765596,88.33117120168069,15.147550997172358,0.0
110.60000000000103,0.0005438111292558033,201.0856198471045,88.331316328845,15.147550997172358,0.0
110.80000000000103,0.00041095842980827003,201.08689002691844,88.33142606071964,15.147550997172358,0.0
111.00000000000104,0.0003105249938332847,201.08809427634023,88.33150901536979,15.147550997172358,0.0
111.20000000000104,0.00023461119549962782,201.08924866067713,88.3315717176215,15.147550997172358,0.0
111.40000000000104,0.00017723844780679428,201.09036533845907,88.33161910558714,15.147550997172358,0.0
111.60000000000105,0.00013388344368474856,201.091453508643,88.33165491536667,15.147550997172358,0.0
111.80000000000105,0.00010112478361714166,201.09252012925907,88.33168197292134,15.147550997172358,0.0
112.00000000000105,7.637508629607762e-05,201.09357046221163,88.33170241534137,15.147550997172358,0.0
112.20000000000105,5.7678030327473116e-05,201.09460848603143,88.3317178584826,15.147550997172358,0.0
112.40000000000106,4.355466448076876e-05,201.0956372084313,88.33172952390917,15.147550997172358,0.0
112.60000000000106,3.288707180035028e-05,201.09665890289605,88.331738334983,15.147550997172358,0.0
112.80000000000106,2.483033641301956e-05,201.0976752877138,88.33174498957625,15.147550997172358,0.0
113.00000000000107,1.8745944445438737e-05,201.09868766141713,88.33175001507998,15.147550997172358,0.0
113.20000000000107,1.4151410991866107e-05,201.09969700522572,88.33175381001054,15.147550997172358,0.0
113.40000000000107,1.068218665841172e-05,201.1007040605162,88.3317566754735,15.147550997172358,0.0
113.60000000000107,8.062854679649011e-06,201.101709387398,88.33175883895387,15.147550997172358,0.0
113.80000000000108,6.085355669952334e-06,201.10271340899723,88.33176047230174,15.147550997172358,0.0
114.00000000000108,4.592527310127515e-06,201.1037164449317,88.3317617053279,15.147550997172358,0.0
114.20000000000108,3.465663050814185e-06,201.10471873661248,88.33176263608,15.147550997172358,0.0
114.40000000000109,2.6151094819863484e-06,201.10572046636585,88.33176333860872,15.147550997172358,0.0
114.60000000000109,1.973160875712856e-06,201.1067217718836,88.33176386883675,15.147550997172358,0.0
114.80000000000109,1.4886901574148801e-06,201.10772275714177,88.33176426899331,15.147550997172358,0.0
115.0000000000011,1.123092306869018e-06,201.10872350065063,88.33176457096488,15.147550997172358,0.0
115.2000000000011,8.472196274802633e-07,201.10972406168725,88.33176479882646,15.147550997172358,0.0
115.4000000000011,8.472196274802633e-07,201.11072406168725,88.33176479882646,15.147550997172358,0.0
115.6000000000011,8.472196274802633e-07,201.11172406168726,88.33176479882646,15.147550997172358,0.0
115.8000000000011,8.472196274802633e-07,201.11272406168726,88.33176479882646,15.147550997172358,0.0
116.00000000000111,8.472196274802633e-07,201.11372406168726,88.33176479882646,15.147550997172358,0.0
116.20000000000111,8.472196274802633e-07,201.11472406168727,88.33176479882646,15.147550997172358,0.0
116.40000000000111,8.472196274802633e-07,201.11572406168727,88.33176479882646,15.147550997172358,0.0
116.60000000000112,8.472196274802633e-07,201.11672406168728,88.33176479882646,15.147550997172358,0.0
116.80000000000112,8.472196274802633e-07,201.11772406168728,88.33176479882646,15.147550997172358,0.0
117.00000000000112,8.472196274802633e-07,201.1187240616873,88.33176479882646,15.147550997172358,0.0
117.20000000000113,8.472196274802633e-07,201.1197240616873,88.33176479882646,15.147550997172358,0.0
117.40000000000113,8.472196274802633e-07,201.1207240616873,88.33176479882646,15.147550997172358,0.0
117.60000000000113,8.472196274802633e-07,201.1217240616873,88.33176479882646,15.147550997172358,0.0
117.80000000000113,8.472196274802633e-07,201.1227240616873,88.33176479882646,15.147550997172358,0.0
118.00000000000114,8.472196274802633e-07,201.1237240616873,88.33176479882646,15.147550997172358,0.0
118.20000000000114,8.472196274802633e-07,201.12472406168732,88.33176479882646,15.147550997172358,0.0
118.40000000000114,8.472196274802633e-07,201.12572406168732,88.33176479882646,15.147550997172358,0.0
118.60000000000115,8.472196274802633e-07,201.12672406168733,88.33176479882646,15.147550997172358,0.0
118.80000000000115,8.472196274802633e-07,201.12772406168733,88.33176479882646,15.147550997172358,0.0
119.00000000000115,8.472196274802633e-07,201.12872406168734,88.33176479882646,15.147550997172358,0.0
119.20000000000115,8.472196274802633e-07,201.12972406168734,88.33176479882646,15.147550997172358,0.0
119.40000000000116,8.472196274802633e-07,201.13072406168735,88.33176479882646,15.147550997172358,0.0
119.60000000000116,8.472196274802633e-07,201.13172406168735,88.33176479882646,15.147550997172358,0.0
119.80000000000116,8.472196274802633e-07,201.13272406168736,88.33176479882646,15.147550997172358,0.0
120.00000000000117,8.472196274802633e-07,201.13372406168736,88.33176479882646,15.147550997172358,0.0
120.20000000000117,8.472196274802633e-07,201.13472406168736,88.33176479882646,15.147550997172358,0.0
120.40000000000117,8.472196274802633e-07,201.13572406168737,88.33176479882646,15.147550997172358,0.0
120.60000000000117,8.472196274802633e-07,201.13672406168737,88.33176479882646,15.147550997172358,0.0
120.80000000000118,8.472196274802633e-07,201.13772406168738,88.33176479882646,15.147550997172358,0.0
121.00000000000118,8.472196274802633e-07,201.13872406168738,88.33176479882646,15.147550997172358,0.0
121.20000000000118,8.472196274802633e-07,201.1397240616874,88.33176479882646,15.147550997172358,0.0
121.40000000000119,8.472196274802633e-07,201.1407240616874,88.33176479882646,15.147550997172358,0.0
121.60000000000119,8.472196274802633e-07,201.1417240616874,88.33176479882646,15.147550997172358,0.0
121.80000000000119,8.472196274802633e-07,201.1427240616874,88.33176479882646,15.147550997172358,0.0
122.0000000000012,8.472196274802633e-07,201.1437240616874,88.33176479882646,15.147550997172358,0.0
122.2000000000012,8.472196274802633e-07,201.1447240616874,88.33176479882646,15.147550997172358,0.0
122.4000000000012,8.472196274802633e-07,201.14572406168742,88.33176479882646,15.147550997172358,0.0
122.6000000000012,8.472196274802633e-07,201.14672406168742,88.33176479882646,15.147550997172358,0.0
122.8000000000012,8.472196274802633e-07,201.14772406168743,88.33176479882646,15.147550997172358,0.0
123.00000000000121,8.472196274802633e-07,201.14872406168743,88.33176479882646,15.147550997172358,0.0
123.20000000000121,8.472196274802633e-07,201.14972406168744,88.33176479882646,15.147550997172358,0.0
123.40000000000121,8.472196274802633e-07,201.15072406168744,88.33176479882646,15.147550997172358,0.0
123.60000000000122,8.472196274802633e-07,201.15172406168745,88.33176479882646,15.147550997172358,0.0
123.80000000000122,8.472196274802633e-07,201.15272406168745,88.33176479882646,15.147550997172358,0.0
124.00000000000122,8.472196274802633e-07,201.15372406168746,88.33176479882646,15.147550997172358,0.0
124.20000000000122,8.472196274802633e-07,201.15472406168746,88.33176479882646,15.147550997172358,0.0
124.40000000000123,8.472196274802633e-07,201.15572406168747,88.33176479882646,15.147550997172358,0.0
124.60000000000123,8.472196274802633e-07,201.15672406168747,88.33176479882646,15.147550997172358,0.0
124.80000000000123,8.472196274802633e-07,201.15772406168747,88.33176479882646,15.147550997172358,0.0
125.00000000000124,8.472196274802633e-07,201.15872406168748,88.33176479882646,15.147550997172358,0.0
125.20000000000124,8.472196274802633e-07,201.15972406168748,88.33176479882646,15.147550997172358,0.0
125.40000000000124,8.472196274802633e-07,201.1607240616875,88.33176479882646,15.147550997172358,0.0
125.60000000000124,8.472196274802633e-07,201.1617240616875,88.33176479882646,15.147550997172358,0.0
125.80000000000125,8.472196274802633e-07,201.1627240616875,88.33176479882646,15.147550997172358,0.0
126.00000000000125,8.472196274802633e-07,201.1637240616875,88.33176479882646,15.147550997172358,0.0
126.20000000000125,8.472196274802633e-07,201.1647240616875,88.33176479882646,15.147550997172358,0.0
126.40000000000126,8.472196274802633e-07,201.1657240616875,88.33176479882646,15.147550997172358,0.0
126.60000000000126,8.472196274802633e-07,201.16672406168752,88.33176479882646,15.147550997172358,0.0
126.80000000000126,8.472196274802633e-07,201.16772406168752,88.33176479882646,15.147550997172358,0.0
127.00000000000126,8.472196274802633e-07,201.16872406168753,88.33176479882646,15.147550997172358,0.0
127.20000000000127,8.472196274802633e-07,201.16972406168753,88.33176479882646,15.147550997172358,0.0
127.40000000000127,8.472196274802633e-07,201.17072406168754,88.33176479882646,15.147550997172358,0.0
127.60000000000127,8.472196274802633e-07,201.17172406168754,88.33176479882646,15.147550997172358,0.0
127.80000000000128,8.472196274802633e-07,201.17272406168755,88.33176479882646,15.147550997172358,0.0
128.00000000000128,8.472196274802633e-07,201.17372406168755,88.33176479882646,15.147550997172358,0.0
128.20000000000127,8.472196274802633e-07,201.17472406168756,88.33176479882646,15.147550997172358,0.0
128.40000000000126,8.472196274802633e-07,201.17572406168756,88.33176479882646,15.147550997172358,0.0
128.60000000000124,8.472196274802633e-07,201.17672406168757,88.33176479882646,15.147550997172358,0.0
128.80000000000123,8.472196274802633e-07,201.17772406168757,88.33176479882646,15.147550997172358,0.0
129.00000000000122,8.472196274802633e-07,201.17872406168757,88.33176479882646,15.147550997172358,0.0
129.2000000000012,8.472196274802633e-07,201.17972406168758,88.33176479882646,15.147550997172358,0.0
129.4000000000012,8.472196274802633e-07,201.18072406168758,88.33176479882646,15.147550997172358,0.0
129.6000000000012,8.472196274802633e-07,201.1817240616876,88.33176479882646,15.147550997172358,0.0
129.80000000000118,8.472196274802633e-07,201.1827240616876,88.33176479882646,15.147550997172358,0.0
130.00000000000117,8.472196274802633e-07,201.1837240616876,88.33176479882646,15.147550997172358,0.0
130.20000000000115,8.472196274802633e-07,201.1847240616876,88.33176479882646,15.147550997172358,0.0
130.40000000000114,8.472196274802633e-07,201.1857240616876,88.33176479882646,15.147550997172358,0.0
130.60000000000113,8.472196274802633e-07,201.1867240616876,88.33176479882646,15.147550997172358,0.0
130.80000000000112,8.472196274802633e-07,201.18772406168762,88.33176479882646,15.147550997172358,0.0
131.0000000000011,8.472196274802633e-07,201.18872406168762,88.33176479882646,15.147550997172358,0.0
131.2000000000011,8.472196274802633e-07,201.18972406168763,88.33176479882646,15.147550997172358,0.0
131.40000000000109,8.472196274802633e-07,201.19072406168763,88.33176479882646,15.147550997172358,0.0
131.60000000000107,8.472196274802633e-07,201.19172406168764,88.33176479882646,15.147550997172358,0.0
131.80000000000106,8.472196274802633e-07,201.19272406168764,88.33176479882646,15.147550997172358,0.0
132.00000000000105,8.472196274802633e-07,201.19372406168765,88.33176479882646,15.147550997172358,0.0
132.20000000000104,8.472196274802633e-07,201.19472406168765,88.33176479882646,15.147550997172358,0.0
132.40000000000103,8.472196274802633e-07,201.19572406168766,88.33176479882646,15.147550997172358,0.0
132.60000000000102,8.472196274802633e-07,201.19672406168766,88.33176479882646,15.147550997172358,0.0
132.800000000001,8.472196274802633e-07,201.19772406168767,88.33176479882646,15.147550997172358,0.0
133.000000000001,8.472196274802633e-07,201.19872406168767,88.33176479882646,15.147550997172358,0.0
133.20000000000098,8.472196274802633e-07,201.19972406168768,88.33176479882646,15.147550997172358,0.0
133.40000000000097,8.472196274802633e-07,201.20072406168768,88.33176479882646,15.147550997172358,0.0
133.60000000000096,8.472196274802633e-07,201.20172406168768,88.33176479882646,15.147550997172358,0.0
133.80000000000095,8.472196274802633e-07,201.2027240616877,88.33176479882646,15.147550997172358,0.0
134.00000000000094,8.472196274802633e-07,201.2037240616877,88.33176479882646,15.147550997172358,0.0
134.20000000000093,8.472196274802633e-07,201.2047240616877,88.33176479882646,15.147550997172358,0.0
134.40000000000092,8.472196274802633e-07,201.2057240616877,88.33176479882646,15.147550997172358,0.0
134.6000000000009,8.472196274802633e-07,201.2067240616877,88.33176479882646,15.147550997172358,0.0
134.8000000000009,8.472196274802633e-07,201.2077240616877,88.33176479882646,15.147550997172358,0.0
135.00000000000088,8.472196274802633e-07,201.20872406168772,88.33176479882646,15.147550997172358,0.0
135.20000000000087,8.472196274802633e-07,201.20972406168772,88.33176479882646,15.147550997172358,0.0
135.40000000000086,8.472196274802633e-07,201.21072406168773,88.33176479882646,15.147550997172358,0.0
135.60000000000085,8.472196274802633e-07,201.21172406168773,88.33176479882646,15.147550997172358,0.0
135.80000000000084,8.472196274802633e-07,201.21272406168774,88.33176479882646,15.147550997172358,0.0
136.00000000000082,8.472196274802633e-07,201.21372406168774,88.33176479882646,15.147550997172358,0.0
136.2000000000008,8.472196274802633e-07,201.21472406168775,88.33176479882646,15.147550997172358,0.0
136.4000000000008,8.472196274802633e-07,201.21572406168775,88.33176479882646,15.147550997172358,0.0
136.6000000000008,8.472196274802633e-07,201.21672406168776,88.33176479882646,15.147550997172358,0.0
136.80000000000078,8.472196274802633e-07,201.21772406168776,88.33176479882646,15.147550997172358,0.0
137.00000000000077,8.472196274802633e-07,201.21872406168777,88.33176479882646,15.147550997172358,0.0
137.20000000000076,8.472196274802633e-07,201.21972406168777,88.33176479882646,15.147550997172358,0.0
137.40000000000074,8.472196274802633e-07,201.22072406168778,88.33176479882646,15.147550997172358,0.0
137.60000000000073,8.472196274802633e-07,201.22172406168778,88.33176479882646,15.147550997172358,0.0
137.80000000000072,8.472196274802633e-07,201.22272406168779,88.33176479882646,15.147550997172358,0.0
138.0000000000007,8.472196274802633e-07,201.2237240616878,88.33176479882646,15.147550997172358,0.0
138.2000000000007,8.472196274802633e-07,201.2247240616878,88.33176479882646,15.147550997172358,0.0
138.4000000000007,8.472196274802633e-07,201.2257240616878,88.33176479882646,15.147550997172358,0.0
138.60000000000068,8.472196274802633e-07,201.2267240616878,88.33176479882646,15.147550997172358,0.0
138.80000000000067,8.472196274802633e-07,201.2277240616878,88.33176479882646,15.147550997172358,0.0
139.00000000000065,8.472196274802633e-07,201.2287240616878,88.33176479882646,15.147550997172358,0.0
139.20000000000064,8.472196274802633e-07,201.22972406168782,88.33176479882646,15.147550997172358,0.0
139.40000000000063,8.472196274802633e-07,201.23072406168782,88.33176479882646,15.147550997172358,0.0
139.60000000000062,8.472196274802633e-07,201.23172406168783,88.33176479882646,15.147550997172358,0.0
139.8000000000006,8.472196274802633e-07,201.23272406168783,88.33176479882646,15.147550997172358,0.0
140.0000000000006,8.472196274802633e-07,201.23372406168784,88.33176479882646,15.147550997172358,0.0
140.20000000000059,8.472196274802633e-07,201.23472406168784,88.33176479882646,15.147550997172358,0.0
140.40000000000057,8.472196274802633e-07,201.23572406168785,88.33176479882646,15.147550997172358,0.0
140.60000000000056,8.472196274802633e-07,201.23672406168785,88.33176479882646,15.147550997172358,0.0
140.80000000000055,8.472196274802633e-07,201.23772406168786,88.33176479882646,15.147550997172358,0.0
141.00000000000054,8.472196274802633e-07,201.23872406168786,88.33176479882646,15.147550997172358,0.0
141.20000000000053,8.472196274802633e-07,201.23972406168787,88.33176479882646,15.147550997172358,0.0
141.40000000000052,8.472196274802633e-07,201.24072406168787,88.33176479882646,15.147550997172358,0.0
141.6000000000005,8.472196274802633e-07,201.24172406168788,88.33176479882646,15.147550997172358,0.0
141.8000000000005,8.472196274802633e-07,201.24272406168788,88.33176479882646,15.147550997172358,0.0
142.00000000000048,8.472196274802633e-07,201.24372406168789,88.33176479882646,15.147550997172358,0.0
142.20000000000047,8.472196274802633e-07,201.2447240616879,88.33176479882646,15.147550997172358,0.0
142.40000000000046,8.472196274802633e-07,201.2457240616879,88.33176479882646,15.147550997172358,0.0
142.60000000000045,8.472196274802633e-07,201.2467240616879,88.33176479882646,15.147550997172358,0.0
142.80000000000044,8.472196274802633e-07,201.2477240616879,88.33176479882646,15.147550997172358,0.0
143.00000000000043,8.472196274802633e-07,201.2487240616879,88.33176479882646,15.147550997172358,0.0
143.20000000000041,8.472196274802633e-07,201.2497240616879,88.33176479882646,15.147550997172358,0.0
143.4000000000004,8.472196274802633e-07,201.25072406168792,88.33176479882646,15.147550997172358,0.0
143.6000000000004,8.472196274802633e-07,201.25172406168792,88.33176479882646,15.147550997172358,0.0
143.80000000000038,8.472196274802633e-07,201.25272406168793,88.33176479882646,15.147550997172358,0.0
144.00000000000037,8.472196274802633e-07,201.25372406168793,88.33176479882646,15.147550997172358,0.0
144.20000000000036,8.472196274802633e-07,201.25472406168794,88.33176479882646,15.147550997172358,0.0
144.40000000000035,8.472196274802633e-07,201.25572406168794,88.33176479882646,15.147550997172358,0.0
144.60000000000034,8.472196274802633e-07,201.25672406168795,88.33176479882646,15.147550997172358,0.0
144.80000000000032,8.472196274802633e-07,201.25772406168795,88.33176479882646,15.147550997172358,0.0
145.0000000000003,8.472196274802633e-07,201.25872406168796,88.33176479882646,15.147550997172358,0.0
145.2000000000003,8.472196274802633e-07,201.25972406168796,88.33176479882646,15.147550997172358,0.0
145.4000000000003,8.472196274802633e-07,201.26072406168797,88.33176479882646,15.147550997172358,0.0
145.60000000000028,8.472196274802633e-07,201.26172406168797,88.33176479882646,15.147550997172358,0.0
145.80000000000027,8.472196274802633e-07,201.26272406168798,88.33176479882646,15.147550997172358,0.0
146.00000000000026,8.472196274802633e-07,201.26372406168798,88.33176479882646,15.147550997172358,0.0
146.20000000000024,8.472196274802633e-07,201.26472406168799,88.33176479882646,15.147550997172358,0.0
146.40000000000023,8.472196274802633e-07,201.265724061688,88.33176479882646,15.147550997172358,0.0
146.60000000000022,8.472196274802633e-07,201.266724061688,88.33176479882646,15.147550997172358,0.0
146.8000000000002,8.472196274802633e-07,201.267724061688,88.33176479882646,15.147550997172358,0.0
147.0000000000002,8.472196274802633e-07,201.268724061688,88.33176479882646,15.147550997172358,0.0
147.2000000000002,8.472196274802633e-07,201.269724061688,88.33176479882646,15.147550997172358,0.0
147.40000000000018,8.472196274802633e-07,201.27072406168801,88.33176479882646,15.147550997172358,0.0
147.60000000000016,8.472196274802633e-07,201.27172406168802,88.33176479882646,15.147550997172358,0.0
147.80000000000015,8.472196274802633e-07,201.27272406168802,88.33176479882646,15.147550997172358,0.0
148.00000000000014,8.472196274802633e-07,201.27372406168803,88.33176479882646,15.147550997172358,0.0
148.20000000000013,8.472196274802633e-07,201.27472406168803,88.33176479882646,15.147550997172358,0.0
148.40000000000012,8.472196274802633e-07,201.27572406168804,88.33176479882646,15.147550997172358,0.0
148.6000000000001,8.472196274802633e-07,201.27672406168804,88.33176479882646,15.147550997172358,0.0
148.8000000000001,8.472196274802633e-07,201.27772406168805,88.33176479882646,15.147550997172358,0.0
149.00000000000009,8.472196274802633e-07,201.27872406168805,88.33176479882646,15.147550997172358,0.0
149.20000000000007,8.472196274802633e-07,201.27972406168806,88.33176479882646,15.147550997172358,0.0
149.40000000000006,8.472196274802633e-07,201.28072406168806,88.33176479882646,15.147550997172358,0.0
149.60000000000005,8.472196274802633e-07,201.28172406168807,88.33176479882646,15.147550997172358,0.0
149.80000000000004,8.472196274802633e-07,201.28272406168807,88.33176479882646,15.147550997172358,0.0
150.00000000000003,8.472196274802633e-07,201.28372406168808,88.33176479882646,15.147550997172358,0.0
150.20000000000002,8.472196274802633e-07,201.28472406168808,88.33176479882646,15.147550997172358,0.0
150.4,8.472196274802633e-07,201.2857240616881,88.33176479882646,15.147550997172358,0.0
150.6,8.472196274802633e-07,201.2867240616881,88.33176479882646,15.147550997172358,0.0
150.79999999999998,8.472196274802633e-07,201.2877240616881,88.33176479882646,15.147550997172358,0.0
150.99999999999997,8.472196274802633e-07,201.2887240616881,88.33176479882646,15.147550997172358,0.0
151.19999999999996,8.472196274802633e-07,201.2897240616881,88.33176479882646,15.147550997172358,0.0
151.39999999999995,8.472196274802633e-07,201.2907240616881,88.33176479882646,15.147550997172358,0.0
151.59999999999994,8.472196274802633e-07,201.29172406168811,88.33176479882646,15.147550997172358,0.0
151.79999999999993,8.472196274802633e-07,201.29272406168812,88.33176479882646,15.147550997172358,0.0
151.99999999999991,8.472196274802633e-07,201.29372406168812,88.33176479882646,15.147550997172358,0.0
152.1999999999999,8.472196274802633e-07,201.29472406168813,88.33176479882646,15.147550997172358,0.0
152.3999999999999,8.472196274802633e-07,201.29572406168813,88.33176479882646,15.147550997172358,0.0
152.59999999999988,8.472196274802633e-07,201.29672406168814,88.33176479882646,15.147550997172358,0.0
152.79999999999987,8.472196274802633e-07,201.29772406168814,88.33176479882646,15.147550997172358,0.0
152.99999999999986,8.472196274802633e-07,201.29872406168815,88.33176479882646,15.147550997172358,0.0
153.19999999999985,8.472196274802633e-07,201.29972406168815,88.33176479882646,15.147550997172358,0.0
153.39999999999984,8.472196274802633e-07,201.30072406168816,88.33176479882646,15.147550997172358,0.0
153.59999999999982,8.472196274802633e-07,201.30172406168816,88.33176479882646,15.147550997172358,0.0
153.7999999999998,8.472196274802633e-07,201.30272406168817,88.33176479882646,15.147550997172358,0.0
153.9999999999998,8.472196274802633e-07,201.30372406168817,88.33176479882646,15.147550997172358,0.0
154.1999999999998,8.472196274802633e-07,201.30472406168818,88.33176479882646,15.147550997172358,0.0
154.39999999999978,8.472196274802633e-07,201.30572406168818,88.33176479882646,15.147550997172358,0.0
154.59999999999977,8.472196274802633e-07,201.3067240616882,88.33176479882646,15.147550997172358,0.0
154.79999999999976,8.472196274802633e-07,201.3077240616882,88.33176479882646,15.147550997172358,0.0
154.99999999999974,8.472196274802633e-07,201.3087240616882,88.33176479882646,15.147550997172358,0.0
155.19999999999973,8.472196274802633e-07,201.3097240616882,88.33176479882646,15.147550997172358,0.0
155.39999999999972,8.472196274802633e-07,201.3107240616882,88.33176479882646,15.147550997172358,0.0
155.5999999999997,8.472196274802633e-07,201.3117240616882,88.33176479882646,15.147550997172358,0.0
155.7999999999997,8.472196274802633e-07,201.31272406168821,88.33176479882646,15.147550997172358,0.0
155.9999999999997,8.472196274802633e-07,201.31372406168822,88.33176479882646,15.147550997172358,0.0
156.19999999999968,8.472196274802633e-07,201.31472406168822,88.33176479882646,15.147550997172358,0.0
156.39999999999966,8.472196274802633e-07,201.31572406168823,88.33176479882646,15.147550997172358,0.0
156.59999999999965,8.472196274802633e-07,201.31672406168823,88.33176479882646,15.147550997172358,0.0
156.79999999999964,8.472196274802633e-07,201.31772406168824,88.33176479882646,15.147550997172358,0.0
156.99999999999963,8.472196274802633e-07,201.31872406168824,88.33176479882646,15.147550997172358,0.0
157.19999999999962,8.472196274802633e-07,201.31972406168825,88.33176479882646,15.147550997172358,0.0
157.3999999999996,8.472196274802633e-07,201.32072406168825,88.33176479882646,15.147550997172358,0.0
157.5999999999996,8.472196274802633e-07,201.32172406168826,88.33176479882646,15.147550997172358,0.0
157.79999999999959,8.472196274802633e-07,201.32272406168826,88.33176479882646,15.147550997172358,0.0
157.99999999999957,8.472196274802633e-07,201.32372406168827,88.33176479882646,15.147550997172358,0.0
158.19999999999956,8.472196274802633e-07,201.32472406168827,88.33176479882646,15.147550997172358,0.0
158.39999999999955,8.472196274802633e-07,201.32572406168828,88.33176479882646,15.147550997172358,0.0
158.59999999999954,8.472196274802633e-07,201.32672406168828,88.33176479882646,15.147550997172358,0.0
158.79999999999953,8.472196274802633e-07,201.3277240616883,88.33176479882646,15.147550997172358,0.0
158.99999999999952,8.472196274802633e-07,201.3287240616883,88.33176479882646,15.147550997172358,0.0
159.1999999999995,8.472196274802633e-07,201.3297240616883,88.33176479882646,15.147550997172358,0.0
159.3999999999995,8.472196274802633e-07,201.3307240616883,88.33176479882646,15.147550997172358,0.0
159.59999999999948,8.472196274802633e-07,201.3317240616883,88.33176479882646,15.147550997172358,0.0
159.79999999999947,8.472196274802633e-07,201.3327240616883,88.33176479882646,15.147550997172358,0.0
159.99999999999946,8.472196274802633e-07,201.33372406168832,88.33176479882646,15.147550997172358,0.0
160.19999999999945,8.472196274802633e-07,201.33472406168832,88.33176479882646,15.147550997172358,0.0
160.39999999999944,8.472196274802633e-07,201.33572406168832,88.33176479882646,15.147550997172358,0.0
160.59999999999943,8.472196274802633e-07,201.33672406168833,88.33176479882646,15.147550997172358,0.0
160.79999999999941,8.472196274802633e-07,201.33772406168833,88.33176479882646,15.147550997172358,0.0
160.9999999999994,8.472196274802633e-07,201.33872406168834,88.33176479882646,15.147550997172358,0.0
161.1999999999994,8.472196274802633e-07,201.33972406168834,88.33176479882646,15.147550997172358,0.0
161.39999999999938,8.472196274802633e-07,201.34072406168835,88.33176479882646,15.147550997172358,0.0
161.59999999999937,8.472196274802633e-07,201.34172406168835,88.33176479882646,15.147550997172358,0.0
161.79999999999936,8.472196274802633e-07,201.34272406168836,88.33176479882646,15.147550997172358,0.0
161.99999999999935,8.472196274802633e-07,201.34372406168836,88.33176479882646,15.147550997172358,0.0
162.19999999999933,8.472196274802633e-07,201.34472406168837,88.33176479882646,15.147550997172358,0.0
162.39999999999932,8.472196274802633e-07,201.34572406168837,88.33176479882646,15.147550997172358,0.0
162.5999999999993,8.472196274802633e-07,201.34672406168838,88.33176479882646,15.147550997172358,0.0
162.7999999999993,8.472196274802633e-07,201.34772406168838,88.33176479882646,15.147550997172358,0.0
162.9999999999993,8.472196274802633e-07,201.3487240616884,88.33176479882646,15.147550997172358,0.0
163.19999999999928,8.472196274802633e-07,201.3497240616884,88.33176479882646,15.147550997172358,0.0
163.39999999999927,8.472196274802633e-07,201.3507240616884,88.33176479882646,15.147550997172358,0.0
163.59999999999926,8.472196274802633e-07,201.3517240616884,88.33176479882646,15.147550997172358,0.0
163.79999999999924,8.472196274802633e-07,201.3527240616884,88.33176479882646,15.147550997172358,0.0
163.99999999999923,8.472196274802633e-07,201.3537240616884,88.33176479882646,15.147550997172358,0.0
164.19999999999922,8.472196274802633e-07,201.35472406168842,88.33176479882646,15.147550997172358,0.0
164.3999999999992,8.472196274802633e-07,201.35572406168842,88.33176479882646,15.147550997172358,0.0
164.5999999999992,8.472196274802633e-07,201.35672406168842,88.33176479882646,15.147550997172358,0.0
164.7999999999992,8.472196274802633e-07,201.35772406168843,88.33176479882646,15.147550997172358,0.0
164.99999999999918,8.472196274802633e-07,201.35872406168843,88.33176479882646,15.147550997172358,0.0
165.19999999999916,8.472196274802633e-07,201.35972406168844,88.33176479882646,15.147550997172358,0.0
165.39999999999915,8.472196274802633e-07,201.36072406168844,88.33176479882646,15.147550997172358,0.0
165.59999999999914,8.472196274802633e-07,201.36172406168845,88.33176479882646,15.147550997172358,0.0
165.79999999999913,8.472196274802633e-07,201.36272406168845,88.33176479882646,15.147550997172358,0.0
165.99999999999912,8.472196274802633e-07,201.36372406168846,88.33176479882646,15.147550997172358,0.0
166.1999999999991,8.472196274802633e-07,201.36472406168846,88.33176479882646,15.147550997172358,0.0
166.3999999999991,8.472196274802633e-07,201.36572406168847,88.33176479882646,15.147550997172358,0.0
166.59999999999908,8.472196274802633e-07,201.36672406168847,88.33176479882646,15.147550997172358,0.0
166.79999999999907,8.472196274802633e-07,201.36772406168848,88.33176479882646,15.147550997172358,0.0
166.99999999999906,8.472196274802633e-07,201.36872406168848,88.33176479882646,15.147550997172358,0.0
167.19999999999905,8.472196274802633e-07,201.3697240616885,88.33176479882646,15.147550997172358,0.0
167.39999999999904,8.472196274802633e-07,201.3707240616885,88.33176479882646,15.147550997172358,0.0
167.59999999999903,8.472196274802633e-07,201.3717240616885,88.33176479882646,15.147550997172358,0.0
167.79999999999902,8.472196274802633e-07,201.3727240616885,88.33176479882646,15.147550997172358,0.0
167.999999999999,8.472196274802633e-07,201.3737240616885,88.33176479882646,15.147550997172358,0.0
