Time,Rubber_Remaining,C30_oligo_e,odtd_e,Total_PHA,Biomass_OR16,Biomass_NS21,Biomass_LP
0.0,100.0,0.1,0.0,0.0,0.5,0.1,0.1
0.2,99.97500721777666,0.1549463113589466,0.014405195951760267,0.3787968743833549,0.5603733472858126,0.12469632106516602,0.10034550143927752
0.4,99.94790177265412,0.2134901852454076,0.03195321409460378,0.7558391257338489,0.5976645393636487,0.15188162051766074,0.10084647350080927
0.6000000000000001,99.91877190286189,0.27539763138282464,0.052680256602614176,1.1349233374987047,0.6325161065175674,0.17937309062360174,0.10134525581560236
0.8,99.8876482345221,0.340640121380035,0.07649351667367135,1.5298297115569912,0.6670613193404161,0.20605397717156812,0.10184892171005092
1.0,99.85453333083318,0.4092104275642121,0.10339490708928666,1.9179427810118634,0.7015211086169606,0.23274391634224664,0.10235843442396175
1.2,99.8194315641751,0.48109691246192265,0.13338630731768347,2.3007798788042786,0.7358495708459705,0.25944248539268366,0.10287369987763284
1.4,99.78234512583619,0.5562932762970739,0.16646959422417007,2.67939053327577,0.770101076941,0.28614918528935596,0.10339902765364789
1.5999999999999999,99.74327621944694,0.6347932088164506,0.20264660523381273,3.0545309059257444,0.804275432162371,0.3128635107397082,0.10393357900083193
1.7999999999999998,99.70222706340793,0.7165903850384356,0.24191913495374712,3.426763813175384,0.8383724454585543,0.33958495746379613,0.10447644865842821
1.9999999999999998,99.65919989281458,0.8016784620416025,0.2842889321773568,3.7965194642826696,0.8723919295803413,0.36631302234085367,0.10502672309254797
2.1999999999999997,99.61419696337532,0.8900510718962369,0.3297576948484886,4.164134085805087,0.9063337011030882,0.3930472034739827,0.1055833219079784
2.4,99.5672205536133,0.9817018180318912,0.3783270665526308,4.52987543838409,0.9401975807379278,0.41978700048297274,0.10614516545418298
2.6,99.518272967703,1.076624270394071,0.429998632322944,4.893960224156933,0.9739833933383045,0.44653191455935687,0.10671112817201121
2.8000000000000003,99.4673565373443,1.1748119624760256,0.4847739154064986,5.25656629279423,1.0076909679876471,0.4732814485888407,0.10728011602225847
3.0000000000000004,99.41447362544919,1.2762583848954183,0.542654372070506,5.617841405895499,1.0413201379547614,0.5000351071621992,0.107850937524603
3.2000000000000006,99.3596266300254,1.3809569786658002,0.6036413860554058,5.977909662258687,1.074870740866365,0.5267923967732376,0.10842230858306473
3.400000000000001,99.30281798476081,1.4889011347428465,0.6677362666229764,6.336876295112031,1.1083426188992067,0.553552826011939,0.10899307705280245
3.600000000000001,99.24405016260343,1.6000841878855756,0.7349402433154786,6.6948313122469525,1.141735618535875,0.5803159054300517,0.10956201863944669
3.800000000000001,99.1833256793735,1.714499410506149,0.8052544605813429,7.051852298876291,1.1750495907006893,0.6070811477037817,0.11012784695114665
4.000000000000001,99.12064709361982,1.8321400135507646,0.8786799767159842,7.408006604013761,1.208284390881139,0.6338480677832147,0.11068943719358436
4.200000000000001,99.05601701093974,1.952999139023912,0.955217757674607,7.763353066056295,1.2414398788381948,0.6606161827112618,0.1112455562796095
4.400000000000001,98.98943808464354,2.077069859333657,1.0348686751300717,8.11794338973825,1.2745159188088062,0.6873850118399345,0.11179507411177436
4.600000000000001,98.92091301718219,2.2043451751852126,1.1176335036997516,8.471823255379872,1.3075123793235948,0.7141540767335841,0.11233690979575456
4.800000000000002,98.8504445613524,2.3348180138652666,1.2035129184799063,8.825033220708526,1.3404291331119311,0.7409229011498759,0.11287003640139451
5.000000000000002,98.77804124607833,2.468481228003961,1.2924794794082328,9.159259565872649,1.3732660570167279,0.7674493586735868,0.11339349440462171
5.200000000000002,98.70370019592997,2.60532763832258,1.3845616154570544,9.511239573369885,1.4060234779342442,0.7942158407628381,0.11390638440496076
5.400000000000002,98.62742431897267,2.745349946716464,1.4797596927253411,9.862647159033497,1.4387008353332151,0.8209806689199046,0.11440787438704318
5.600000000000002,98.54921657577314,2.888540779435819,1.5780739716961583,10.213508642696294,1.4712980176640422,0.8477433752904147,0.11489720478217193
5.8000000000000025,98.46907997932206,3.0348926875838367,1.6795046066189563,10.56384786002096,1.503814917006371,0.8745034939789043,0.11537369028790291
6.000000000000003,98.38701759474148,3.1843981479746724,1.7840516452254984,10.913686466456562,1.5362514289204074,0.901260560980966,0.11583672061235765
6.200000000000003,98.30303253879661,3.3370495643153175,1.8917150287551678,11.263044196128835,1.5686074523239784,0.9280141141121175,0.11628576022531065
6.400000000000003,98.21712797923547,3.492839268667527,2.002494592262238,11.61193908345172,1.600882889337542,0.9547636929349531,0.11672034720977813
6.600000000000003,98.17356422382467,3.5723359265278543,2.058672911943809,11.61193908345172,1.6008828893405997,0.9547636929349531,0.11714152395180204
6.800000000000003,98.08458257551223,3.733344281944658,2.1740723701865385,12.529837878947651,1.654478173530991,0.9943537240214577,0.117562771748904
7.0000000000000036,98.0395022924307,3.815408434996732,2.232536563013365,12.529837878947651,1.6544781735528657,0.9943537240214577,0.11795313922362008
7.200000000000004,97.94745500116186,3.98161120116917,2.352548388609553,13.584445302769485,1.707828202430099,1.0338788766827554,0.11834339972839357
7.400000000000004,97.85350231447768,4.150919786022816,2.475672296824431,13.922506878803889,1.7397715644344884,1.0605889701573707,0.11870226465276208
7.600000000000004,97.8059723296893,4.2370658820013,2.5379597916377588,13.922506878803889,1.7397715644344884,1.0605889701573707,0.11904712639877137
7.800000000000004,97.70897298886375,4.411528686366235,2.6656835312419336,14.902550648191806,1.7927183013350323,1.1000085692801582,0.1193916759706268
8.000000000000004,97.61007731459839,4.58907668571136,2.7965162576709126,15.261479158047194,1.8244548235832176,1.126692644971459,0.11970646350858176
8.200000000000003,97.50928884392304,4.769701708317879,2.9304570065239655,15.602605594586851,1.8561101428690816,1.153369293441125,0.12000561343849167
8.400000000000002,97.45839975485879,4.86139614700019,2.998085006553416,15.602605594586851,1.8561101428373261,1.153369293441125,0.12029018672681795
8.600000000000001,97.35461967368394,5.047049880251123,3.1366072580728885,16.568381433640944,1.9077864768953323,1.192641643114501,0.12057428739189438
8.8,97.24899697181436,5.235659663621243,3.2782339521937813,16.924755096590413,1.9382019404165323,1.2192911284124957,0.12083202495226396
9.0,97.19573887538189,5.331258076249801,3.3496463285048588,16.924755096590413,1.9382019404165323,1.2192911284124957,0.12107548502419321
9.2,97.08722170135002,5.524665708814108,3.49584091868979,17.883861933488713,1.9875176214269974,1.2584580640823304,0.12131844240932098
9.399999999999999,96.97687253934622,5.7210052325893646,3.6451362399188767,18.239173485904278,2.017695501011304,1.2850808519791348,0.12153781714681536
9.599999999999998,96.86469558555832,5.920267048606885,3.797530956816599,18.555791900974736,2.0477803360391245,1.311695274326163,0.1217419330140913
9.799999999999997,96.80823376858412,6.0210577987648355,3.8742355055034507,18.555791900974736,2.0477803360219777,1.311695274326163,0.121931692836192
9.999999999999996,96.6931141672693,6.225245582787165,4.031177618584362,19.50521126083992,2.0984603666113832,1.3507078593052528,0.12212091508339655
10.199999999999996,96.63521594906041,6.3284367867380515,4.1101100384810305,19.50521126083992,2.09846036661273,1.3507078593052528,0.1222878237903837
10.399999999999995,96.51723085487181,6.537459143479773,4.2714047954839485,20.338368426430424,2.148216277782124,1.3880560241288031,0.12245423788415309
10.599999999999994,96.45792955243347,6.643014695821662,4.3524742664428535,20.338368426430424,2.148216277733046,1.3880560241288031,0.12260219399826061
10.799999999999994,96.41832488081485,6.713842644722391,4.40661691835082,20.338368426430424,2.148216277746512,1.3880560241288031,0.1227504667608557
10.999999999999993,96.29652662673396,6.929324385238829,4.5736519403561475,21.744686810032114,2.2146783786033732,1.4372973771333963,0.1228980051371171
11.199999999999992,96.23535333809384,7.038048042853276,4.657545438594263,21.744686810032114,2.2146783786033732,1.4372973771333963,0.12302454321474375
11.399999999999991,96.11164786947884,7.258191371154121,4.824589906552167,21.744686810032114,2.262684671933896,1.4372973771333963,0.12315094749969237
11.59999999999999,95.98681722441255,7.481085460715942,4.991638706613736,21.744686810032114,2.2910272409815136,1.4372973771333963,0.123280837139085
11.79999999999999,95.92409995228124,7.593569239334457,5.075567176638926,21.744686810032114,2.2910272409810855,1.4372973771333963,0.12341610363301406
11.99999999999999,95.88221958998788,7.669014139115822,5.131611622003562,21.744686810032114,2.2910272409810855,1.4372973771333963,0.12355164087337643
12.199999999999989,95.75477860018607,7.89828668388601,5.298676778117028,21.744686810032114,2.356653206466988,1.4372973771333963,0.12368689779008932
12.399999999999988,95.62621907957661,8.13029394194109,5.465745842988759,21.744686810032114,2.3848301995795285,1.4372973771333963,0.12380948369430485
12.599999999999987,95.49654278997548,8.365031506711054,5.632819008619754,21.744686810032114,2.4129576106081054,1.4372973771333963,0.12393619336739213
12.799999999999986,95.3657514833236,8.602494993853458,5.799896470877702,21.744686810032114,2.4410355191980035,1.4372973771333963,0.12406709459590015
12.999999999999986,95.23384690197202,8.842680040786563,5.966978429035329,21.744686810032114,2.4690640047358436,1.4372973771333963,0.12420224595983397
13.199999999999985,95.1675613346795,8.96387690098179,6.050941565625233,21.744686810032114,2.469064004724797,1.4372973771333963,0.12434195329502136
13.399999999999984,95.03377792398838,9.208653508719648,6.218034125698196,21.744686810032114,2.5163021890748594,1.4372973771333963,0.1244815329022412
13.599999999999984,94.89888626750857,9.45613934674191,6.385131232584826,21.744686810032114,2.544198078045403,1.4372973771333963,0.12461856750294883
13.799999999999983,94.76288808403365,9.70633010777701,6.55223309021184,21.744686810032114,2.5720448521241845,1.4372973771333963,0.12475992444168457
13.999999999999982,94.6945274051552,9.832588027841235,6.636228303510945,21.744686810032114,2.5720448521141517,1.4372973771333963,0.12490593638321294
14.199999999999982,94.55666178699879,10.08734218555197,6.803341333540687,21.744686810032114,2.618971257353836,1.4372973771333963,0.12505182490362474
14.39999999999998,94.41769462539402,10.344789045921663,6.970459168902167,21.744686810032114,2.646686266510241,1.4372973771333963,0.1251951375138072
14.59999999999998,94.27762761463424,10.604924358830862,7.137582019105413,21.744686810032114,2.674352466684767,1.4372973771333963,0.12534286282727108
14.79999999999998,94.13646243811836,10.867743898525983,7.3047100982387985,21.744686810032114,2.7019699356616362,1.4372973771333963,0.12549508177025592
14.999999999999979,93.99436543749485,11.132840573998767,7.47184362448795,21.744686810032114,2.7253810829132243,1.4372973771333963,0.12565190724342193
15.199999999999978,93.85117334158588,11.400613754368077,7.638982798633716,21.744686810032114,2.7529086060933365,1.4372973771333963,0.12581289427493605
15.399999999999977,93.70688777806915,11.671059329761817,7.806127875663497,21.744686810032114,2.7803876178150517,1.4372973771333963,0.1259791437018768
15.599999999999977,93.56151036195793,11.94417321848467,7.973279116182262,21.744686810032114,2.8078181938399864,1.4372973771333963,0.1261507546986338
15.799999999999976,93.4883441095895,12.08212401860081,8.05740380469738,21.744686810032114,2.807818193840339,1.4372973771333963,0.12632814162011854
15.999999999999975,93.34112418851697,12.359738776681404,8.224569283019164,21.744686810032114,2.8540174939730734,1.4372973771333963,0.1265054404690229
16.199999999999974,93.1928172267889,12.640010021420721,8.391741031787117,21.744686810032114,2.8813181451832843,1.4372973771333963,0.12667998969202277
16.399999999999974,93.04342483587234,12.922933690110053,8.55891929098588,21.744686810032114,2.908570658656546,1.4372973771333963,0.12685948277186787
16.599999999999973,92.89329652356818,13.207654532497962,8.726104305682373,21.744686810032114,2.9269935945576644,1.4372973771333963,0.12704411387607245
16.799999999999972,92.74221708620011,13.494698984197786,8.893296266287754,21.744686810032114,2.9508424114394027,1.4372973771333963,0.1272326384518392
16.99999999999997,92.59005621703277,13.784385733755093,9.060495428982403,21.744686810032114,2.977972147214547,1.4372973771333963,0.12742635020805831
17.19999999999997,92.43681616346208,14.076709136438568,9.227702085989128,21.744686810032114,3.005036067847685,1.4372973771333963,0.12762597917896165
17.39999999999997,92.28249955850313,14.37166259883731,9.394916539929916,21.744686810032114,3.032024066445355,1.4372973771333963,0.1278317150898015
17.59999999999997,92.12745197453158,14.668400464173695,9.562139106240682,21.744686810032114,3.050281556213515,1.4372973771333963,0.12804391241123977
17.79999999999997,91.97133032187156,14.9677620486926,9.729370001892724,21.744686810032114,3.077189686948764,1.4372973771333963,0.1282604417735499
17.999999999999968,91.8143571865959,15.269202594606911,9.896609556353313,21.744686810032114,3.0984708852157734,1.4372973771333963,0.12848364751577168
18.199999999999967,91.65665523359046,15.572421855403269,10.063858023434735,21.744686810032114,3.1166488406760537,1.4372973771333963,0.1287120495906861
18.399999999999967,91.49788278873218,15.878255676287441,10.231115635425779,21.744686810032114,3.1434397227326354,1.4372973771333963,0.12894506141422477
18.599999999999966,91.3380412732309,16.18670040413055,10.39838274414204,21.744686810032114,3.170183338497045,1.4372973771333963,0.1291850739114887
18.799999999999965,91.1774731644305,16.496917931518112,10.565659711291003,21.744686810032114,3.1882754594566727,1.4372973771333963,0.12943240494560548
18.999999999999964,91.01583831172795,16.809740366638277,10.73294678811737,21.744686810032114,3.2149398026345666,1.4372973771333963,0.1296846899686054
19.199999999999964,90.85347819017856,17.12433204547686,10.900244354052395,21.744686810032114,3.2329782801067566,1.4372973771333963,0.12994462339152363
19.399999999999963,90.69005359399823,17.44152275796891,11.067552673540485,21.744686810032114,3.25956353966808,1.4372973771333963,0.13020975212490818
19.599999999999962,90.52571030687619,17.760955621284094,11.234872145197615,21.744686810032114,3.282458745797631,1.4372973771333963,0.13048279862057016
19.79999999999996,90.36055949526488,18.082358479531045,11.402203107169694,21.744686810032114,3.302538985184793,1.4372973771333963,0.13076261381830095
19.99999999999996,90.19468587759819,18.405523900058306,11.569545869886436,21.744686810032114,3.3204723508290317,1.4372973771333963,0.13104867250375746
20.19999999999996,90.02790869942898,18.730893978774287,11.736900731877126,21.744686810032114,3.3429534665204987,1.4372973771333963,0.13134063162255016
20.39999999999996,89.86007235275066,19.058849222129357,11.90426812086827,21.744686810032114,3.3693439316720184,1.4372973771333963,0.1316409125389359
20.59999999999996,89.69120238955091,19.3893268556372,12.071648551639605,21.744686810032114,3.3950731488692596,1.4372973771333963,0.1319512167080188
20.799999999999958,89.52153570325797,19.721747029876695,12.23904252637918,21.744686810032114,3.414813570712578,1.4372973771333963,0.1322714164008505
20.999999999999957,89.35087201809125,20.05659957222044,12.406450404926737,21.744686810032114,3.4395899711995406,1.4372973771333963,0.13259863851022824
21.199999999999957,89.17948869392791,20.393205631687103,12.573872677084337,21.744686810032114,3.457358709604255,1.4372973771333963,0.13293555087832182
21.399999999999956,89.00705120188786,20.732383509929107,12.741309698247813,21.744686810032114,3.4835462840243134,1.4372973771333963,0.13327933692384772
21.599999999999955,88.83390116434592,21.073297107028008,12.908761998774763,21.744686810032114,3.501106309258005,1.4372973771333963,0.13363360187688383
21.799999999999955,88.66003258619536,21.415960836927823,13.076230086785692,21.744686810032114,3.5188009035935273,1.4372973771333963,0.13399779811280377
21.999999999999954,88.48532076201633,21.760679607050648,13.243714371647851,21.744686810032114,3.53962346145349,1.4372973771333963,0.1343700075926315
22.199999999999953,88.30955784113497,22.107961696778577,13.411215375600484,21.744686810032114,3.56566464130544,1.4372973771333963,0.13475225794445117
22.399999999999952,88.13286794285976,22.457503087856416,13.578733778976273,21.744686810032114,3.5885558872823413,1.4372973771333963,0.13514766171383047
22.59999999999995,87.95542282125149,22.808883287719983,13.74627011837748,21.744686810032114,3.6071019151783235,1.4372973771333963,0.1355536063372815
22.79999999999995,87.7769362552929,23.162802248325463,13.913825062495338,21.744686810032114,3.6328345839471012,1.4372973771333963,0.1359722928099925
22.99999999999995,87.59770087513917,23.518543577130565,14.081399461812719,21.744686810032114,3.6511695117823617,1.4372973771333963,0.13640743520057488
23.19999999999995,87.41744070233183,23.87678221004132,14.24899389694704,21.744686810032114,3.6764334067428734,1.4372973771333963,0.13685369183264537
23.39999999999995,87.23646378220843,24.236764105653798,14.416609084599553,21.744686810032114,3.6939163632725793,1.4372973771333963,0.1373139486382763
23.599999999999948,87.0547702050433,24.59848877430277,14.584245562359008,21.744686810032114,3.71137805121704,1.4372973771333963,0.1377847643036444
23.799999999999947,86.87236003520358,24.96195578101055,14.751903885211396,21.744686810032114,3.728818486372404,1.4372973771333963,0.13826647729403843
23.999999999999947,86.68937082190938,25.32682830258024,14.919584626443726,21.744686810032114,3.742777020326283,1.4372973771333963,0.13875955985498162
24.199999999999946,86.50551160668628,25.69381790543499,15.087288407733094,21.744686810032114,3.7640360320813486,1.4372973771333963,0.13926462761754874
24.399999999999945,86.32093574876778,26.062548991205503,15.255015989169703,21.744686810032114,3.781409739827197,1.4372973771333963,0.13978452271742825
24.599999999999945,86.13627961028497,26.43146431784125,15.42276792780859,21.744686810032114,3.7827549769358253,1.4372973771333963,0.13990802327861476
24.799999999999944,85.95090687561219,26.80212075928286,15.590544175248223,21.744686810032114,3.8001057372485967,1.4372973771333963,0.1404390240186871
24.999999999999943,85.76481745732384,27.174518200192974,15.758345389965253,21.744686810032114,3.8174353047039076,1.4372973771333963,0.1409829618896454
25.199999999999942,85.57864228691723,27.547112661966807,15.926172175982185,21.744686810032114,3.818878437278373,1.4372973771333963,0.14111228632838332
25.39999999999994,85.39175040751908,27.921447905322033,16.09402448922351,21.744686810032114,3.83618495834091,1.4372973771333963,0.14166841980444653
25.59999999999994,85.20414161687886,28.297524051475804,16.26190307693273,21.744686810032114,3.8534703093348712,1.4372973771333963,0.1422392128728977
25.79999999999994,85.01581572086826,28.675341209447758,16.42980867100349,21.744686810032114,3.870734497984886,1.4372973771333963,0.142824408416913
25.99999999999994,84.82677244994332,29.05489964322786,16.597742062422235,21.744686810032114,3.8879775322858166,1.4372973771333963,0.14342513840856538
26.19999999999994,84.63668547638515,29.436997347182647,16.765704090205364,21.744686810032114,3.9133897409218656,1.4372973771333963,0.1440419853390117
26.399999999999938,84.44651595207937,29.819282116472344,16.93369593499744,21.744686810032114,3.914615732823999,1.4372973771333963,0.14419090170117407
26.599999999999937,84.2560053241951,30.20238661028701,17.101717461579604,21.744686810032114,3.922338747342424,1.4372973771333963,0.14433947568939182
26.799999999999937,84.06510536389669,30.586428486848448,17.269769352899896,21.744686810032114,3.931250616856492,1.4372973771333963,0.14499244137825612
26.999999999999936,83.87366985246456,30.971765107392304,17.437852382276745,21.744686810032114,3.943808143096769,1.4372973771333963,0.14566087141057313
27.199999999999935,83.6821580284992,31.35727243274199,17.605967424106993,21.744686810032114,3.9448084896892133,1.4372973771333963,0.14582049019182847
27.399999999999935,83.48993297810709,31.744508701815374,17.774114627554052,21.744686810032114,3.961788469478135,1.4372973771333963,0.14651157373556623
27.599999999999934,83.29763028813245,32.13191838585927,17.94229491680935,21.744686810032114,3.9627875145262315,1.4372973771333963,0.14667648410115564
27.799999999999933,83.10525008498597,32.5195012363018,18.110508170448117,21.744686810032114,3.9637864791249764,1.4372973771333963,0.146841234299057
27.999999999999932,82.91279249330739,32.907257008091584,18.278754268670166,21.744686810032114,3.96478536329094,1.4372973771333963,0.14700583081309213
28.199999999999932,82.72025763773645,33.29518545613961,18.447033091750754,21.744686810032114,3.965784167040887,1.4372973771333963,0.14717027336871844
28.39999999999993,82.52764564291577,33.68328633531339,18.615344520037983,21.744686810032114,3.9667828903906965,1.4372973771333963,0.14733456169209863
28.59999999999993,82.33495663349376,34.071559400431106,18.783688433950168,21.744686810032114,3.967781533356491,1.4372973771333963,0.14749869551010267
28.79999999999993,82.14155440965935,34.461561209507266,18.952064850219507,21.744686810032114,3.984723934194765,1.4372973771333963,0.14820565748982614
28.99999999999993,81.947438281095,34.8532929069728,19.120474857932543,21.744686810032114,4.001645637736903,1.4372973771333963,0.14893434935958744
29.19999999999993,81.75311936792865,35.245503458926954,19.288919447733132,21.744686810032114,4.0057272309875165,1.4372973771333963,0.1491086230160539
29.399999999999928,81.55872027242914,35.63789266938941,19.457399078772887,21.744686810032114,4.0067230596196515,1.4372973771333963,0.14928535772483797
29.599999999999927,81.36360585725734,36.0320144067474,19.62591394801754,21.744686810032114,4.023617698768971,1.4372973771333963,0.15004990367314705
29.799999999999926,81.16840951335872,36.42631837030269,19.79446526879603,21.744686810032114,4.024612225807002,1.4372973771333963,0.15023362051725328
29.999999999999925,80.97249624030327,36.82235808573054,19.963053253557117,21.744686810032114,4.041494755294357,1.4372973771333963,0.15102972667611872
30.199999999999925,80.7764993432071,37.218583497373494,20.13167904553918,21.744686810032114,4.042487979001307,1.4372973771333963,0.15122024714104035
30.399999999999924,80.57978496022604,37.61654542862323,20.300342690287042,21.744686810032114,4.059338407823366,1.4372973771333963,0.1520411639814858
30.599999999999923,80.38298537317876,38.014696298477546,20.469045389055974,21.744686810032114,4.060330328322936,1.4372973771333963,0.15223806636709758
30.799999999999923,80.18574468868901,38.41390683190186,20.637787194049896,21.744686810032114,4.070220454912972,1.4372973771333963,0.15308828619238088
30.999999999999922,79.98841783286592,38.81330829366057,20.806568806758197,21.744686810032114,4.0712115509042786,1.4372973771333963,0.1532894923308758
31.19999999999992,79.79100496502161,39.21290036867556,20.97539007777099,21.744686810032114,4.0722025644870135,1.4372973771333963,0.15349055446328733
31.39999999999992,79.59287289403464,39.614232239692534,21.144251051860408,21.744686810032114,4.08901548482763,1.4372973771333963,0.15435678717988044
31.59999999999992,79.39465310030583,40.01575823765929,21.31315302798021,21.744686810032114,4.090005194087442,1.4372973771333963,0.15456479819370758
31.79999999999992,79.19571244049732,40.4190274176521,21.48209607242063,21.744686810032114,4.106807279722028,1.4372973771333963,0.1554627208464671
31.99999999999992,78.9966822232127,40.82249449403996,21.651081557952857,21.744686810032114,4.1077956828274855,1.4372973771333963,0.1556781852498781
32.19999999999992,78.79756259639937,41.226159174663806,21.820109344940278,21.744686810032114,4.108784002724891,1.4372973771333963,0.15589361149056025
32.39999999999992,78.59835370803275,41.63002116726534,21.98917929380758,21.744686810032114,4.109772239422966,1.4372973771333963,0.15610899929247887
32.59999999999992,78.39905570612073,42.03408017947804,22.158291265036933,21.744686810032114,4.110760392930117,1.4372973771333963,0.15632434837928547
32.799999999999926,78.19966873870821,42.43833591881815,22.327445119164107,21.744686810032114,4.111748463254771,1.4372973771333963,0.15653965847431778
32.99999999999993,78.00019295388152,42.842788092675576,22.496640716774618,21.744686810032114,4.1127364504053725,1.4372973771333963,0.15675492930060014
33.19999999999993,77.79999565165079,43.24898466749851,22.665878131968906,21.744686810032114,4.129498008802692,1.4372973771333963,0.15768285479514718
33.399999999999935,77.59925348303695,43.6564926101088,22.83515902015721,21.744686810032114,4.1417986823017685,1.4372973771333963,0.15864531899524853
33.59999999999994,77.3984184525037,44.06420527805223,23.004484861277785,21.744686810032114,4.142784446934518,1.4372973771333963,0.15887682661798172
33.79999999999994,77.1974904334498,44.47212293514904,23.17385574719133,21.744686810032114,4.143770127433053,1.4372973771333963,0.15910943187874121
33.99999999999994,76.996074607364,44.88121139827633,23.34327201963417,21.744686810032114,4.154579504557224,1.4372973771333963,0.16011751192176654
34.199999999999946,76.79456405560096,45.29050841696072,23.51273470453506,21.744686810032114,4.155564284064219,1.4372973771333963,0.16035767342869875
34.39999999999995,76.59295848015353,45.700014793484186,23.68224365557616,21.744686810032114,4.156560275407006,1.4372973771333963,0.1605978793493779
34.59999999999995,76.39125848318311,46.10972912461704,23.85179873264505,21.744686810032114,4.15754488480749,1.4372973771333963,0.1608381583729509
34.799999999999955,76.18946421346367,46.51965111649476,24.021399795471357,21.744686810032114,4.158529409546925,1.4372973771333963,0.1610785096283836
34.99999999999996,75.98721498757658,46.930663309945785,24.191046703769345,21.744686810032114,4.168489407691959,1.4372973771333963,0.16131878168775812
35.19999999999996,75.78487017809263,47.34188586736038,24.360740605792472,21.744686810032114,4.16947314275991,1.4372973771333963,0.16156518104098017
35.39999999999996,75.58242993380021,47.75331849483289,24.53048136128209,21.744686810032114,4.170456792804546,1.4372973771333963,0.16181168242254412
35.599999999999966,75.37953162289958,48.16584836767079,24.70026909505746,21.744686810032114,4.180449037322051,1.4372973771333963,0.16287536424400462
35.79999999999997,75.17653639116674,48.578591370557504,24.870104833915285,21.744686810032114,4.1814318381894795,1.4372973771333963,0.16312867456683938
35.99999999999997,74.97344441880547,48.99154714587768,25.039988411290473,21.744686810032114,4.182414553620989,1.4372973771333963,0.16338199765656514
36.199999999999974,74.76990020751937,49.40558542296539,25.209919937395465,21.744686810032114,4.192221508894614,1.4372973771333963,0.16447476050476573
36.39999999999998,74.5662577278118,49.81983961911333,25.379900484752998,21.744686810032114,4.193203385538943,1.4372973771333963,0.16473515124614235
36.59999999999998,74.36251664109716,50.234310635459906,25.549929907895823,21.744686810032114,4.19419742534622,1.4372973771333963,0.16499568979988938
36.79999999999998,74.15847411095825,50.6494946981009,25.72000829924581,21.744686810032114,4.200220819299832,1.4372973771333963,0.1652574133068996
36.999999999999986,73.95433247921382,51.064896413905835,25.89013632068168,21.744686810032114,4.2012020889611446,1.4372973771333963,0.1655231618928696
37.19999999999999,73.75009178328926,51.480515715067085,26.06031392468409,21.744686810032114,4.202183272432399,1.4372973771333963,0.16578955295611048
37.39999999999999,73.54575206047927,51.89635253402661,26.230541063873986,21.744686810032114,4.203164369674919,1.4372973771333963,0.16605659126842318
37.599999999999994,73.34131334794778,52.31240680347623,26.400817691012623,21.744686810032114,4.204145380649955,1.4372973771333963,0.16632428165874508
37.8,73.13677568272776,52.72867845635792,26.57114375900154,21.744686810032114,4.205126305318377,1.4372973771333963,0.16659262901409227
38.0,72.93213910172116,53.14516742586416,26.741519220882587,21.744686810032114,4.206107143641022,1.4372973771333963,0.16686163828052333
38.2,72.72740364169873,53.56187364543823,26.91194402983794,21.744686810032114,4.207087895577842,1.4372973771333963,0.16713131446412333
38.400000000000006,72.52256933929985,53.97879704877466,27.082418139190146,21.744686810032114,4.208068561088666,1.4372973771333963,0.167401662632008
38.60000000000001,72.31763623103234,54.39593756981962,27.252941502402166,21.744686810032114,4.209049140133473,1.4372973771333963,0.1676726879133512
38.80000000000001,72.1126043532723,54.813295142771366,27.42351407307745,21.744686810032114,4.21002963267101,1.4372973771333963,0.1679443955004334
39.000000000000014,71.90747374226386,55.23086970208073,27.594135804960004,21.744686810032114,4.211010038660243,1.4372973771333963,0.16821679064971354
39.20000000000002,71.70224443411894,55.64866118245168,27.7648066519345,21.744686810032114,4.211990358059715,1.4372973771333963,0.16848987868292423
39.40000000000002,71.49691646481703,56.06666951884181,27.93552656802638,21.744686810032114,4.212970590827071,1.4372973771333963,0.16876366498819062
39.60000000000002,71.29148987020488,56.484894646463054,28.10629550740199,21.744686810032114,4.213950736920642,1.4372973771333963,0.1690381550211761
39.800000000000026,71.08587853012612,56.903547154294415,28.277113706060888,21.744686810032114,4.2170508208524256,1.4372973771333963,0.17016977642300604
40.00000000000003,70.88016755948692,57.322418518163715,28.447981717406257,21.744686810032114,4.218030587746561,1.4372973771333963,0.17045000827988635
40.20000000000003,70.67439657288088,57.74141179557918,28.618899579320466,21.744686810032114,4.218030587746587,1.4372973771333963,0.17073141677430279
40.400000000000034,70.46852570301843,58.16062445498558,28.78986743853883,21.744686810032114,4.219010248103267,1.4372973771333963,0.17101452571461764
40.60000000000004,70.26255488188689,58.580056642720365,28.960885335194632,21.744686810032114,4.2199898211811115,1.4372973771333963,0.1712988232283398
40.80000000000004,70.05648404047923,58.99970850715011,29.13195331022852,21.744686810032114,4.220969306904004,1.4372973771333963,0.17158432221842085
41.00000000000004,69.85031310877413,59.419580198711394,29.303071405404527,21.744686810032114,4.221948705194938,1.4372973771333963,0.1718710358170356
41.200000000000045,69.64404201571539,59.83967186995284,29.474239663326507,21.744686810032114,4.2229280159760085,1.4372973771333963,0.17215897739129488
41.40000000000005,69.4376706891908,60.25998367557837,29.645458127455083,21.744686810032114,4.223907239168389,1.4372973771333963,0.1724481605491423
41.60000000000005,69.23119905601044,60.68051577249166,29.816726842125025,21.744686810032114,4.224886374692318,1.4372973771333963,0.172738599145443
41.800000000000054,69.02462704188432,61.101268319841886,29.988045852563175,21.744686810032114,4.225865422467083,1.4372973771333963,0.17303030728827148
42.00000000000006,68.81795457139933,61.52224147907077,30.159415204906864,21.744686810032114,4.226844382411002,1.4372973771333963,0.17332329934540677
42.20000000000006,68.61122133150225,61.94333812606714,30.330834946229636,21.744686810032114,4.226844382411028,1.4372973771333963,0.1736176102929354
42.40000000000006,68.40438735468335,62.364655967792395,30.502305236643352,21.744686810032114,4.22782323409954,1.4372973771333963,0.1739138002971453
42.600000000000065,68.19745256099172,62.78619517495953,30.673826125947908,21.744686810032114,4.228801997660986,1.4372973771333963,0.1742113263316405
42.80000000000007,67.99041686923566,63.20795592081477,30.84539766494826,21.744686810032114,4.229780673009114,1.4372973771333963,0.17451020401509051
43.00000000000007,67.7832801969556,63.62993838119297,31.017019905476122,21.744686810032114,4.2307592600566,1.4372973771333963,0.17481044926561345
43.200000000000074,67.57604246039624,64.05214273457473,31.18869290041235,21.744686810032114,4.231737758715025,1.4372973771333963,0.17511207830884135
43.40000000000008,67.36870357447775,64.47456916214516,31.360416703709976,21.744686810032114,4.2327161688948545,1.4372973771333963,0.1754151076862668
43.60000000000008,67.1612454987314,64.89726171700683,31.532191487049616,21.744686810032114,4.2341320974519485,1.4372973771333963,0.1760699732299007
43.80000000000008,66.95368569690685,65.32017755077342,31.704017491392364,21.744686810032114,4.235111142088501,1.4372973771333963,0.1763774142480176
44.000000000000085,66.74602390285241,65.74331719823002,31.87589494953472,21.744686810032114,4.236089232160955,1.4372973771333963,0.17668723342969964
44.20000000000009,66.53825980922731,66.16668129253883,32.047824099070866,21.744686810032114,4.237067233216929,1.4372973771333963,0.17699947578667707
44.40000000000009,66.33039310257165,66.59027047936634,32.219805182529136,21.744686810032114,4.238045145095093,1.4372973771333963,0.1773141876287675
44.600000000000094,66.1224234631003,67.01408541730416,32.39183844753892,21.744686810032114,4.239022967630928,1.4372973771333963,0.1776314167395588
44.8000000000001,65.91435056448731,67.43812677830941,32.56392414700524,21.744686810032114,4.240000700656622,1.4372973771333963,0.17795121244290538
45.0000000000001,65.70617407363997,67.86239524816581,32.73606253929156,21.744686810032114,4.2409783440009665,1.4372973771333963,0.17827362567333566
45.2000000000001,65.49789365046236,68.28689152696667,32.90825388841139,21.744686810032114,4.2419558974892455,1.4372973771333963,0.17859870905065572
45.400000000000105,65.28950894760733,68.71161632962118,33.080498464228995,21.744686810032114,4.242933360943116,1.4372973771333963,0.1789265169590591
45.60000000000011,65.08101961021646,69.13657038638539,33.252796542670055,21.744686810032114,4.243910734180489,1.4372973771333963,0.17925710563108097
45.80000000000011,64.8724252756471,69.56175444341946,33.42514840594268,21.744686810032114,4.244888017015403,1.4372973771333963,0.17959053323676355
46.000000000000114,64.6637255731858,69.9871692633729,33.597554342769556,21.744686810032114,4.245865209257887,1.4372973771333963,0.1799268599784344
46.20000000000012,64.45492012374706,70.41281562599944,33.77001464863189,21.744686810032114,4.246842310713823,1.4372973771333963,0.1802661481915357
46.40000000000012,64.24578846688836,70.8392327724267,33.94252962598045,21.744686810032114,4.2532025321747335,1.4372973771333963,0.1806083320805797
46.60000000000012,64.03654971576952,71.26588424232557,34.1151000034602,21.744686810032114,4.25417907888905,1.4372973771333963,0.18095593197398271
46.800000000000125,63.82720345943199,71.69277088076375,34.28772610188986,21.744686810032114,4.255155534082315,1.4372973771333963,0.1813067276987384
47.00000000000013,63.617749276967345,72.11989355313797,34.460408250117794,21.744686810032114,4.2561318975399685,1.4372973771333963,0.18166079257310455
47.20000000000013,63.408186737116175,72.54725314599317,34.633146785346774,21.744686810032114,4.2571081690423975,1.4372973771333963,0.18201820273302188
47.400000000000134,63.1985153978445,72.97485056788737,34.805942053476926,21.744686810032114,4.258084348364742,1.4372973771333963,0.182379037286159
47.600000000000136,62.9887348058962,73.40268675030553,34.97879440946808,21.744686810032114,4.259060435276688,1.4372973771333963,0.18274337847696745
47.80000000000014,62.778844496319664,73.83076264862602,35.151704217723086,21.744686810032114,4.2600364295422555,1.4372973771333963,0.18311131186372573
48.00000000000014,62.56884399196679,74.25907924314353,35.324671852493495,21.744686810032114,4.261012330919565,1.4372973771333963,0.18348292650865602
48.200000000000145,62.358732802962194,74.68763754015286,35.49769769830943,21.744686810032114,4.261988139160599,1.4372973771333963,0.18385831518231127
48.40000000000015,62.14851042614039,75.11643857309801,35.67078215043543,21.744686810032114,4.262963854010947,1.4372973771333963,0.18423757458356718
48.60000000000015,61.93817634444835,75.54548340379192,35.84392561535432,21.744686810032114,4.26393947520953,1.4372973771333963,0.18462080557670119
48.80000000000015,61.72773002631079,75.97477312371241,36.01712851128142,21.744686810032114,4.2649150024883165,1.4372973771333963,0.1850081134472094
49.000000000000156,61.517170924955096,76.40430885538034,36.19039126871133,21.744686810032114,4.265890435572016,1.4372973771333963,0.1853996081782064
49.20000000000016,61.3064984776926,76.83409175382701,36.363714331000295,21.744686810032114,4.266865774177756,1.4372973771333963,0.18579540474946848
49.40000000000016,61.09571210515251,77.26412300815811,36.537098154986836,21.744686810032114,4.267841018014735,1.4372973771333963,0.1861956234614344
49.600000000000165,60.88481121046444,77.69440384322255,36.710543211654134,21.744686810032114,4.26881616678386,1.4372973771333963,0.1866003902867559
49.80000000000017,60.67342956641973,78.125830050622,36.88404998673935,21.744686810032114,4.278683356134198,1.4372973771333963,0.1870095791509586
50.00000000000017,60.46192902061505,78.55751481970505,37.057621463471826,21.744686810032114,4.279657699255179,1.4372973771333963,0.18743795243063172
50.20000000000017,60.2499951230779,78.99022721052998,37.23125822780529,21.744686810032114,4.288256045709358,1.4372973771333963,0.18787155747082152
50.400000000000176,60.03793845101842,79.42320611245877,37.40496274563238,21.744686810032114,4.289229667617001,1.4372973771333963,0.18832165809170573
50.60000000000018,59.82575812580688,79.85645332655206,37.57873571425314,21.744686810032114,4.290203191121121,1.4372973771333963,0.18877807943517916
50.80000000000018,59.61345438390985,80.28996838233276,37.752576917513764,21.744686810032114,4.291176615792146,1.4372973771333963,0.18923556052461843
51.000000000000185,59.401027462983585,80.72375080683575,37.92648613841513,21.744686810032114,4.292149941563248,1.4372973771333963,0.18969410367203643
51.20000000000019,59.188477601890916,81.15780012457309,38.100463159099554,21.744686810032114,4.293123168367855,1.4372973771333963,0.1901537111939648
51.40000000000019,58.975805040718534,81.59211585749847,38.27450776083731,21.744686810032114,4.294096296139242,1.4372973771333963,0.19061438541146067
51.60000000000019,58.763010020794574,82.02669752497108,38.44861972401285,21.744686810032114,4.295069324810526,1.4372973771333963,0.19107612865011347
51.800000000000196,58.5500927847066,82.4615446437187,38.62279882811078,21.744686810032114,4.29604225431467,1.4372973771333963,0.1915389432400517
52.0000000000002,58.337053576319896,82.89665672779998,38.79704485170153,21.744686810032114,4.297015084584478,1.4372973771333963,0.19200283151594957
52.2000000000002,58.12389264079615,83.33203328856612,38.97135757242676,21.744686810032114,4.297987815552601,1.4372973771333963,0.19246779581703397
52.400000000000205,57.910512023936356,83.76791409857398,39.14573676695302,21.744686810032114,4.301336860430092,1.4372973771333963,0.1929337597799349
52.60000000000021,57.69701014993261,84.20405846167556,39.320182205966866,21.744686810032114,4.302309228347016,1.4372973771333963,0.19340080408711463
52.80000000000021,57.483387268219765,84.64046588026042,39.49469366412324,21.744686810032114,4.303281496776085,1.4372973771333963,0.19386893109024328
53.00000000000021,57.2696436296096,85.07713585384495,39.6692709150858,21.744686810032114,4.304253665649333,1.4372973771333963,0.19433814314556722
53.200000000000216,57.05577948631146,85.51406787902975,39.843913731510746,21.744686810032114,4.305225734898645,1.4372973771333963,0.1948084426139158
53.40000000000022,56.841795091953415,85.95126144945638,40.018621885030385,21.744686810032114,4.306197704455748,1.4372973771333963,0.19527983186070813
53.60000000000022,56.62769070160373,86.38871605576303,40.19339514623626,21.744686810032114,4.307169574252209,1.4372973771333963,0.19575231325595982
53.800000000000225,56.41346657179286,86.82643118553936,40.368233284662026,21.744686810032114,4.30814134421944,1.4372973771333963,0.19622588917428976
54.00000000000023,56.19875565408518,87.26530499834969,40.543136068650284,21.744686810032114,4.317975060087855,1.4372973771333963,0.19670026275160074
54.20000000000023,55.98392542940852,87.70443851866702,40.71810324545868,21.744686810032114,4.318946017692809,1.4372973771333963,0.19717573419870993
54.40000000000023,55.76897615986997,88.14383122229584,40.8931345809029,21.744686810032114,4.319916875324917,1.4372973771333963,0.19765230589933108
54.600000000000236,55.553908109139826,88.58348258178354,41.06822983966361,21.744686810032114,4.32088763291504,1.4372973771333963,0.19812998024179534
54.80000000000024,55.33872154247611,89.02339206636992,41.2433887852673,21.744686810032114,4.321858290393884,1.4372973771333963,0.198608759619058
55.00000000000024,55.12341672674958,89.46355914193582,41.41861118006682,21.744686810032114,4.32282884769199,1.4372973771333963,0.19908864642870522
55.200000000000244,54.9079939304693,89.90398327095052,41.59389678522142,21.744686810032114,4.323799304739739,1.4372973771333963,0.19956964307296085
55.40000000000025,54.69245342380867,90.34466391241816,41.769245360676415,21.744686810032114,4.324769661467354,1.4372973771333963,0.20005175195869304
55.60000000000025,54.47679547863208,90.78560052182293,41.944656665142446,21.744686810032114,4.325739917804892,1.4372973771333963,0.20053497549742108
55.80000000000025,54.26102036852207,91.22679255107325,42.120130456074236,21.744686810032114,4.326710073682251,1.4372973771333963,0.2010193161053221
56.000000000000256,54.04512836880711,91.6682394484446,42.295666489648994,21.744686810032114,4.327680129029165,1.4372973771333963,0.20150477620323778
56.20000000000026,53.82911975658993,92.1099406585213,42.47126452074426,21.744686810032114,4.328650083775208,1.4372973771333963,0.20199135821668113
56.40000000000026,53.61299481077645,92.55189562213695,42.646924302915394,21.744686810032114,4.329619937849788,1.4372973771333963,0.2024790645758432
56.600000000000264,53.39675381210534,92.99410377631366,42.82264558837246,21.744686810032114,4.330589691182154,1.4372973771333963,0.2029678977155998
56.80000000000027,53.18039704317823,93.43656455419992,42.99842812795673,21.744686810032114,4.331559343701389,1.4372973771333963,0.20345786007551833
57.00000000000027,52.96392478849053,93.8792773850072,43.17427167111662,21.744686810032114,4.33252889533641,1.4372973771333963,0.20394895409986435
57.20000000000027,52.74733733446292,94.32224169394517,43.350175965883125,21.744686810032114,4.3334983460159755,1.4372973771333963,0.20444118223760846
57.400000000000276,52.53063496947355,94.76545690215553,43.526140758844726,21.744686810032114,4.334467695668676,1.4372973771333963,0.20493454694243296
57.60000000000028,52.313817983890914,95.20892242664434,43.70216579512176,21.744686810032114,4.335436944222937,1.4372973771333963,0.20542905067273856
57.80000000000028,52.09688667010742,95.65263768021295,43.87825081834023,21.744686810032114,4.33640609160702,1.4372973771333963,0.20592469589165122
58.000000000000284,51.879841322573746,96.09660207138745,44.05439557060503,21.744686810032114,4.337375137749023,1.4372973771333963,0.20642148506702876
58.20000000000029,51.66268223783387,96.54081500434648,44.230599792472624,21.744686810032114,4.338344082576876,1.4372973771333963,0.20691942067146762
58.40000000000029,51.44540971456095,96.98527587884753,44.40686322292307,21.744686810032114,4.339312926018343,1.4372973771333963,0.20741850518230967
58.60000000000029,51.22802405359395,97.42998409015155,44.58318559933148,21.744686810032114,4.340281668001024,1.4372973771333963,0.20791874108164882
58.800000000000296,51.01052555797507,97.874939028946,44.75956665743881,21.744686810032114,4.3412503084523495,1.4372973771333963,0.20842013085633782
59.0000000000003,50.79295502885019,98.32004100154249,44.93600613133413,21.744686810032114,4.341250308452387,1.4372973771333963,0.2089227117348812
59.2000000000003,50.575272285087166,98.76538845006465,45.11250375612883,21.744686810032114,4.342218812562735,1.4372973771333963,0.2094264516406411
59.400000000000304,50.35747763643166,99.21098075131061,45.28905926254033,21.744686810032114,4.343187214915984,1.4372973771333963,0.20993135307533442
59.60000000000031,50.139571394989375,99.65681727718263,45.46567237952936,21.744686810032114,4.344155515438884,1.4372973771333963,0.21043741854546513
59.80000000000031,49.92155387526784,100.10289739460107,45.64234283426741,21.744686810032114,4.34512371405802,1.4372973771333963,0.2109446505623312
60.00000000000031,49.703425394219146,100.54922046541664,45.81907035210339,21.744686810032114,4.346091810699805,1.4372973771333963,0.21145305164203113
60.200000000000315,49.48518627128364,100.99578584632037,45.99585465652956,21.744686810032114,4.3470598052904865,1.4372973771333963,0.21196262430547083
60.40000000000032,49.26683682843464,101.44259288875178,46.17269546914671,21.744686810032114,4.348027697756141,1.4372973771333963,0.21247337107837025
60.60000000000032,49.04837739022414,101.88964093880473,46.34959250962851,21.744686810032114,4.348995488022677,1.4372973771333963,0.2129852944912701
60.800000000000324,48.82980866911009,102.33692839447981,46.52654549568514,21.744686810032114,4.349953988009181,1.4372973771333963,0.21349839741628662
61.00000000000033,48.611132341459886,102.78445129640244,46.703554143054454,21.744686810032114,4.350880289533038,1.4372973771333963,0.21401268357522668
61.20000000000033,48.39235009340126,103.232205662287,46.88061816553579,21.744686810032114,4.351774251890904,1.4372973771333963,0.21452815671124623
61.40000000000033,48.173463621176545,103.6801874860874,47.05773727495554,21.744686810032114,4.352635726857236,1.4372973771333963,0.21504482058926153
61.600000000000335,47.954474631528,104.12839273707178,47.23491118113196,21.744686810032114,4.353464557970013,1.4372973771333963,0.21556267899639148
61.80000000000034,47.73538484211873,104.57681735881071,47.412139591839235,21.744686810032114,4.354260579715574,1.4372973771333963,0.21608173574243542
62.00000000000034,47.51619598199412,105.02545726806653,47.58942221277078,21.744686810032114,4.355023616592835,1.4372973771333963,0.21660199466039134
62.200000000000344,47.29694046386256,105.47423331008096,47.766758747510586,21.744686810032114,4.355023616592863,1.4372973771333963,0.21712348681143806
62.40000000000035,47.07758941518034,105.9232162743266,47.94414889986792,21.744686810032114,4.355719171244674,1.4372973771333963,0.21764618903740918
62.60000000000035,46.85814460256193,106.37240198885327,48.12159236912354,21.744686810032114,4.356381137002038,1.4372973771333963,0.21817010524542751
62.80000000000035,46.63860780642065,106.82178624906686,48.29908885232368,21.744686810032114,4.357009285144314,1.4372973771333963,0.21869523936845758
63.000000000000355,46.41898082176189,107.2713648158091,48.47663804423928,21.744686810032114,4.357603369256805,1.4372973771333963,0.21922159536615143
63.20000000000036,46.19926545908453,107.72113341317278,48.65423963732441,21.744686810032114,4.35816312270222,1.4372973771333963,0.2197491772258005
63.40000000000036,45.97946354541446,108.17108772599434,48.8318933216738,21.744686810032114,4.3586882555302955,1.4372973771333963,0.22027798896341652
63.600000000000364,45.75957692550157,108.62122339694693,49.0095987849795,21.744686810032114,4.359178450648021,1.4372973771333963,0.22080803462497142
63.80000000000037,45.53960746322217,109.07153602313122,49.187355712486664,21.744686810032114,4.359633358997414,1.4372973771333963,0.22133931828783665
64.00000000000037,45.319557043244686,109.52202115202257,49.36516378694843,21.744686810032114,4.360052593370316,1.4372973771333963,0.22187184406247687
64.20000000000037,45.09942757304002,109.97267427657543,49.54302268857997,21.744686810032114,4.360435720300552,1.4372973771333963,0.2224056160944758
64.40000000000038,44.87922098535511,110.42349082919469,49.720932095011605,21.744686810032114,4.3607822491562365,1.4372973771333963,0.2229406385670063
64.60000000000038,44.658939241329115,110.87446617413532,49.898891681241125,21.744686810032114,4.361091616994856,1.4372973771333963,0.22347691570391512
64.80000000000038,44.43858433453679,111.32559559763385,50.076901119585266,21.744686810032114,4.361363166693929,1.4372973771333963,0.22401445177369025
65.00000000000038,44.21815829643867,111.77687429459822,50.254960079630486,21.744686810032114,4.361596113747253,1.4372973771333963,0.2245532510947628
65.20000000000039,43.99766320411296,112.2282973497154,50.433068228183124,21.744686810032114,4.361789492381418,1.4372973771333963,0.22509331804296412
65.40000000000039,43.77710119204965,112.67985970862026,50.611225229219144,21.744686810032114,4.3619420595750436,1.4372973771333963,0.22563465706280467
65.60000000000039,43.556474472274765,113.13155612868344,50.789430743833854,21.744686810032114,4.362052098157213,1.4372973771333963,0.226177272686556
65.8000000000004,43.33578537634768,113.58338107628288,50.96768443019246,21.744686810032114,4.362116899579191,1.4372973771333963,0.2267211695737333
66.0000000000004,43.115376672310425,114.0346335612391,51.145710993051864,21.744686810032114,4.355828955976943,1.4352192813021067,0.22690052508430164
66.2000000000004,42.89827480120458,114.47913082411277,51.321066590155624,21.744686810032114,4.290972347728543,1.413849421369881,0.22352206403464175
66.4000000000004,42.68443002494917,114.9169744702132,51.493791395505205,21.744686810032114,4.2270814292893615,1.3927977503858335,0.22019390696316715
66.6000000000004,42.47379335365435,115.34826457643955,51.663924978779775,21.744686810032114,4.164141821911684,1.3720595306396068,0.21691530486310104
66.80000000000041,42.26631653443851,115.77309971412521,51.83150631436875,21.744686810032114,4.102139360941788,1.3516300949635178,0.21368551988008783
67.00000000000041,42.061952040409906,116.19157697154627,51.99657379027145,21.744686810032114,4.041060092632164,1.331504845682205,0.21050382514613789
67.20000000000041,41.8606530598104,116.60379197609873,52.15916521686581,21.744686810032114,3.9808902710012077,1.3116792535779143,0.20736950461604473
67.40000000000042,41.66237348531898,117.00983891614942,52.319317835548084,21.744686810032114,3.9216163547396623,1.2921488568711923,0.20428185290623807
67.60000000000042,41.467067903512685,117.40981056256518,52.477068327245334,21.744686810032114,3.863225004163128,1.2729092602167555,0.2012401751360361
67.80000000000042,41.274691584482774,117.80379828992513,52.632452820802584,21.744686810032114,3.805703078209946,1.2539561337143117,0.19824378677126156
68.00000000000043,41.08520047160377,118.19189209742045,52.78550690124647,21.744686810032114,3.749037631483782,1.235285211934109,0.19529201347018635
68.20000000000043,40.89855117145327,118.57418062944637,52.93626561792714,21.744686810032114,3.6932159113402467,1.2168922929569945,0.1923841909317698
68.40000000000043,40.71470094388025,118.95075119589065,53.08476349254016,21.744686810032114,3.6382253550168913,1.1987732374287667,0.18951966474615684
68.60000000000043,40.5336076922198,119.32168979212294,53.23103452703022,21.744686810032114,3.5840535868059415,1.1809239676286063,0.1866977902474019
68.80000000000044,40.355229953652135,119.68708111868956,53.37511221137824,21.744686810032114,3.530688415269124,1.1633404665513798,0.1839179323683861
69.00000000000044,40.17952688970376,120.0470086007177,53.51702953127368,21.744686810032114,3.478117830493966,1.1460187770036065,0.1811794654978942
69.20000000000044,40.00645827688887,120.40155440703332,53.656818975673616,21.744686810032114,3.4263300013909457,1.128955000712886,0.17848177333982004
69.40000000000045,39.8359844974888,120.75079946899687,53.794512544250274,21.744686810032114,3.3753132730308875,1.1121452974505857,0.175824248774468
69.60000000000045,39.66806653046762,121.09482349906108,53.93014175472858,21.744686810032114,3.3250561640220027,1.095585884167592,0.17320629372191995
69.80000000000045,39.50266594252191,121.43370500905439,54.06373765011537,21.744686810032114,3.275547363925986,1.0792730341429295,0.17062731900743638
70.00000000000045,39.339744879262774,121.76752132819458,54.19533080582178,21.744686810032114,3.2267757307125833,1.0632030761450562,0.16808674422886175
70.20000000000046,39.17926605652818,122.09634862083584,54.32495133668038,21.744686810032114,3.1787302882520603,1.0473723936056478,0.1655839976260041
70.40000000000046,39.0211927518237,122.42026190395376,54.452628903858525,21.744686810032114,3.131400223845009,1.0317774238056836,0.16311851595195953
70.60000000000046,38.865488795889924,122.73933506437145,54.57839272166953,21.744686810032114,3.084774885788933,1.0164146570736505,0.16068974434635275
70.80000000000047,38.71211856439459,123.05364087573093,54.702271564282974,21.744686810032114,3.038843780981067,1.0012806359956874,0.15829713621046476
71.00000000000047,38.5610469697477,123.3632510152133,54.82429377233574,21.744686810032114,2.9935965725568847,0.9863719546374874,0.15594015308422005
71.20000000000047,38.412239453037834,123.66823608001118,54.94448725944514,21.744686810032114,2.9490230775637762,0.9716852577777885,0.15361826452500538
71.40000000000047,38.26566197608792,123.9686656035574,55.06287951862555,21.744686810032114,2.9051132646693563,0.9572172401532753,0.15133094798829283
71.60000000000048,38.121281013628725,124.26460807151291,55.17949762860998,21.744686810032114,2.8618572519038983,0.9429646457147244,0.14907768871004037
71.80000000000048,37.97906354558841,124.55613093751784,55.294368260077896,21.744686810032114,2.8192453044363823,0.9289242668942262,0.14685797959084346
72.00000000000048,37.83897704949638,124.84330063870888,55.40751768179069,21.744686810032114,2.7772678323836573,0.9150929438833164,0.14467132108181147
72.20000000000049,37.70098949299991,125.12618261100646,55.51897176663609,21.744686810032114,2.7359153886522227,0.9014675639218565,0.1425172210721436
72.40000000000049,37.565069326491816,125.4048413041749,55.62875599758291,21.744686810032114,2.695178666812146,0.8880450605975021,0.14039519477837845
72.60000000000049,37.431185475847606,125.67934019665908,55.73689547354726,21.744686810032114,2.655048499002635,0.8748224131556029,0.1383047646352929
72.8000000000005,37.29930733527054,125.9497418102006,55.84341491517174,21.744686810032114,2.615515853868801,0.8617966458193766,0.1362454601884252
73.0000000000005,37.16940476024304,126.21610772423665,55.94833867051864,21.744686810032114,2.5765718345291337,0.8489648271202064,0.13421681798819862
73.2000000000005,37.04144806058289,126.47849859008487,56.0516907206785,21.744686810032114,2.538207676573249,0.8363240692379087,0.13221838148562134
73.4000000000005,36.91540799360272,126.73697414491721,56.15349468529532,21.744686810032114,2.500414746089441,0.8238715273508259,0.1302497009295394
73.6000000000005,36.79125575737132,126.99159322552582,56.253773828009436,21.744686810032114,2.4631845377216117,0.8116043989955943,0.1283103332654196
73.80000000000051,36.66896298407523,127.24241378188391,56.35255106181943,21.744686810032114,2.426508672755124,0.7995199234364456,0.1263998420356393
74.00000000000051,36.54850173347927,127.48949289050478,56.44984895436418,21.744686810032114,2.3903788972311615,0.7876153810438993,0.1245177972812611
74.20000000000051,36.42984448648444,127.73288676760166,56.54568973312615,21.744686810032114,2.3547870800891606,0.7758880926827056,0.1226637754452698
74.40000000000052,36.312964138781915,127.97265078205145,56.640095290557205,21.744686810032114,2.3197252113369053,0.7643354191089027,0.12083735927725034
74.60000000000052,36.19783399460164,128.2088394681651,56.73308718912786,21.744686810032114,2.2851854002478653,0.75295476037585,0.11903813773948496
74.80000000000052,36.08442776055421,128.44150653826753,56.82468666630131,21.744686810032114,2.2511598735853755,0.741743555249107,0.1172657059144485
75.00000000000053,35.9727195395647,128.67070489508953,56.91491463943317,21.744686810032114,2.2176409738532583,0.7306992806300231,0.11551966491368112
75.20000000000053,35.862683824896976,128.896486643975,57.00379171059802,21.744686810032114,2.184621157572492,0.7198194509879108,0.11379962178801788
75.40000000000053,35.75429549426741,129.11890310490557,57.091338171343914,21.744686810032114,2.1520929935835396,0.7091016178006729,0.11210518943915486
75.60000000000053,35.647529804046464,129.3380048243455,57.17757400737575,21.744686810032114,2.1200491613739554,0.6985433690037594,0.11043598653253218
75.80000000000054,35.54236238354701,129.5538415869096,57.26251890316872,21.744686810032114,2.0884824494308916,0.6881423284473279,0.10879163741151406
76.00000000000054,35.43876922939807,129.76646242685672,57.34619224651265,21.744686810032114,2.057385753618138,0.6778961553614887,0.10717177201284667
76.20000000000054,35.33672670000275,129.97591563941086,57.42861313298843,21.744686810032114,2.0267520755773245,0.6678025438295098,0.10557602578337492
76.40000000000055,35.23621151007913,130.18224879191334,57.50980037037738,21.744686810032114,1.9965745211529293,0.6578592222688675,0.1040040395979992
76.60000000000055,35.137200725282916,130.38550873480756,57.58977248300457,21.744686810032114,1.9668462988407405,0.6480639529200233,0.10245545967885367
76.80000000000055,35.03967175691064,130.58574161245932,57.66854771601717,21.744686810032114,1.937560718259416,0.6384145313428125,0.1009299375156881
77.00000000000055,34.94360235668226,130.782992873815,57.74614403959853,21.744686810032114,1.9087111886448043,0.6289087859203317,0.09942712978743506
77.20000000000056,34.84897061160197,130.97730728289997,57.8225791531192,21.744686810032114,1.8802912173666828,0.6195445773702135,0.09794669828494504
77.40000000000056,34.75575493889611,131.1687289291594,57.89787048922563,21.744686810032114,1.8522944084675816,0.6103197982631771,0.0964883098348719
77.60000000000056,34.663934081027016,131.35730123764404,57.972035217867536,21.744686810032114,1.824714461223363,0.6012323725487485,0.09505163622469177
77.80000000000057,34.57348710078172,131.543066979043,58.045090250264806,21.744686810032114,1.7975451687252348,0.5922802550880424,0.0936363541288383
78.00000000000057,34.48439337643441,131.72606827956605,58.11705224281485,21.744686810032114,1.7707804164828758,0.5834614311935004,0.09224214503593776
78.20000000000057,34.39663259698155,131.90634663067723,58.18793760094125,21.744686810032114,1.7444141810483602,0.5747739161754822,0.09086869517712756
78.40000000000057,34.31018475744855,132.08394289868238,58.25776248288456,21.744686810032114,1.7184405286605722,0.5662157548956092,0.0895156954554421
78.60000000000058,34.22503015426712,132.25889733417247,58.32654280343617,21.744686810032114,1.6928536139098034,0.5577850213267562,0.08818284137625006
78.80000000000058,34.14114938072195,132.431249581325,58.394294237615966,21.744686810032114,1.6676476784222352,0.5494798181195975,0.08686983297872736
79.00000000000058,34.06603478240927,132.58569422269932,58.454965134514445,21.744686810032114,1.6428170495640075,0.5412982761756044,0.08557637476835059
79.20000000000059,33.9921003490552,132.73772801461288,58.514682799043506,21.744686810032114,1.6183561391645842,0.5332385542264028,0.08430217565039547
79.40000000000059,33.91927128819653,132.88750374364716,58.573507641907945,21.744686810032114,1.594259442259127,0.5252988384193921,0.08304694886442558
79.60000000000059,33.8475310258938,133.03505526716484,58.6314530500631,21.744686810032114,1.5705215358495943,0.5174773419095354,0.08181041191975648
79.8000000000006,33.77686323770442,133.18041593285457,58.688532208942895,21.744686810032114,1.547137077684288,0.5097723044572274,0.08059228653188072
80.0000000000006,33.707251844912555,133.32361858643264,58.74475810550502,21.744686810032114,1.524100805055571,0.5021819920321494,0.07939229855983955
80.2000000000006,33.638681010815965,133.46469557922822,58.800143531230106,21.744686810032114,1.5014075336154875,0.4947046964230234,0.07821017794452703
80.4000000000006,33.57113513706885,133.60367877565423,58.854701085075625,21.744686810032114,1.479052156209017,0.4873387348531767,0.07704565864791288
80.6000000000006,33.504598860079994,133.74059956056527,58.90844317638516,21.744686810032114,1.4570296417247024,0.4800824496018302,0.07589847859317014
80.80000000000061,33.43905704746531,133.8754888465043,58.96138202775373,21.744686810032114,1.4353350339623892,0.4729342076310261,0.07476837960569446
81.00000000000061,33.37449479455401,134.00837708083998,59.013529677849775,21.744686810032114,1.4139634505178267,0.46589240021811,0.07365510735500147
81.20000000000061,33.310897420947576,134.1392942527959,59.064897984194545,21.744686810032114,1.3929100816838746,0.45895544259368565,0.07255841129748931
81.40000000000062,33.24825046713076,134.26826990037375,59.1154986258994,21.744686810032114,1.3721701893680718,0.4521217735849599,0.0714780446200535
81.60000000000062,33.18860480202456,134.3911144937996,59.1636750933157,21.744686810032114,1.3517391060263206,0.44538985526439884,0.07041376418454115
81.80000000000062,33.12985032093452,134.51213857011115,59.21113174148545,21.744686810032114,1.3316122336124498,0.4387581726036145,0.06936533047303244
82.00000000000063,33.071973673567605,134.63136940138307,59.257879353588905,21.744686810032114,1.3117850425434172,0.4322252331324056,0.06833250753393673
82.20000000000063,33.01496171040229,134.7488338495524,59.303928550640904,21.744686810032114,1.2922530706799198,0.4257895666028748,0.0673150629288913
82.40000000000063,32.958801479655435,134.86455837261485,59.34928979394082,21.744686810032114,1.2730119223221827,0.41944972465854735,0.06631276768045075
82.60000000000063,32.903480224294995,134.9785690307272,59.39397338748539,21.744686810032114,1.2540572672207004,0.41320428050841607,0.06532539622055522
82.80000000000064,32.848985379097996,135.09089149221722,59.43798948034503,21.744686810032114,1.2353848396017078,0.40705182860584,0.06435272633976606
83.00000000000064,32.79530456775305,135.20155103950282,59.48134806900417,21.744686810032114,1.2169904372071605,0.40099098433222397,0.06339453913725719
83.20000000000064,32.744305503570224,135.3067322944086,59.52254058063919,21.744686810032114,1.1988699203490114,0.39502038368540804,0.062450618971551144
83.40000000000065,32.69406811097185,135.4103576011266,59.56311788165991,21.744686810032114,1.181019210977567,0.38913868297269694,0.061520753411988656
83.60000000000065,32.644580987176575,135.51245025334052,59.60308918221972,21.744686810032114,1.1634342917637162,0.3833445585084598,0.0606047331909208
83.80000000000065,32.59583290074754,135.6130331947103,59.64246355407514,21.744686810032114,1.1461112051948243,0.37763670631623275,0.059702352156612994
84.00000000000065,32.54781278900511,135.71212902415746,59.68124993267562,21.744686810032114,1.1290460526840893,0.3720138418352571,0.058813407226850245
84.20000000000066,32.500509755478895,135.80976000107,59.71945711922154,21.744686810032114,1.1122349936931581,0.36647469963138696,0.05793769834323318
84.40000000000066,32.45391306739837,135.90594805042872,59.75709378269108,21.744686810032114,1.0956742448678085,0.36101803311230135,0.05707502842615461
84.60000000000066,32.40801215322151,136.00071476785564,59.79416846183637,21.744686810032114,1.079360079186499,0.3556426142469568,0.05622520333044647
84.80000000000067,32.36424845256307,136.09111557014435,59.829516889840896,21.744686810032114,1.0632888251215973,0.3503472332892171,0.05538803180168713
85.00000000000067,32.32189422526838,136.17863709011397,59.86372687052553,21.744686810032114,1.0474568658130974,0.34513069850559785,0.05456332543315934
85.20000000000067,32.28017227467353,136.2648669906962,59.89742615428401,21.744686810032114,1.0318606382546394,0.3399918359070655,0.05375089862344897
85.40000000000067,32.23907314194368,136.34982459446684,59.930622381122504,21.744686810032114,1.01649663249165,0.33492948898482894,0.052950568534675176
85.60000000000068,32.20160453150111,136.427365741212,59.96088619471074,21.744686810032114,1.0013613908314223,0.3299425184500656,0.05216215505134241
85.80000000000068,32.16469510622198,136.50376458048572,59.99069834822011,21.744686810032114,0.9864515070649555,0.3250298019775229,0.05138548073980521
86.00000000000068,32.130858067495765,136.57388712642413,60.01802890092255,21.744686810032114,0.9717636257003838,0.32019023395293705,0.05062037080833642
86.20000000000068,32.09968765608827,136.6385622669075,60.043205589066645,21.744686810032114,0.957294441207817,0.31542272522421294,0.04986665306779014
86.40000000000069,32.06898226001053,136.70228747073264,60.068006679154415,21.744686810032114,0.9430406972754267,0.310726202856309,0.049124157892850205
86.60000000000069,32.038734930372044,136.76507693314298,60.09243778388205,21.744686810032114,0.9289991860766077,0.3060996098897712,0.04839271818385581
86.8000000000007,32.008938822420696,136.82694463664734,60.116504431831984,21.744686810032114,0.9151667475480523,0.3015419051028631,0.04767216932919546
87.0000000000007,31.97958719397502,136.88790435422248,60.14021206873922,21.744686810032114,0.9015402686785728,0.2970520627772371,0.04696234916826089
87.2000000000007,31.950673403880188,136.94796965246724,60.16356605873841,21.744686810032114,0.8881166828085144,0.292629072467095,0.04626309795495255
87.4000000000007,31.923285699218546,137.00491745241922,60.18568741255163,21.744686810032114,0.8748929689395979,0.2882719387717857,0.04557425832172853
87.6000000000007,31.89661136412397,137.06040797589174,60.207232569827475,21.744686810032114,0.86186615105504,0.2839796811117888,0.04489567524418875
87.80000000000071,31.870896182972146,137.11393913279537,60.228003007790726,21.744686810032114,0.8490332974497965,0.27975133350803355,0.044227196006186464
88.00000000000071,31.847006044905186,137.16374207856643,60.24729933814608,21.744686810032114,0.8363915200707767,0.275585944364504,0.0435686701654593
88.20000000000071,31.82370966434501,137.21233209223456,60.266116083956135,21.744686810032114,0.8239379738668836,0.27148257625408073,0.04291994951977197
88.40000000000072,31.800760669332718,137.2602124642084,60.284652242593616,21.744686810032114,0.8116698561487306,0.2674403057075716,0.04228088807356313
88.60000000000072,31.778153873003294,137.30739379025303,60.30291200354711,21.744686810032114,0.7995844059578916,0.2634582230058834,0.04165134200508889
88.80000000000072,31.755884166119657,137.35388650755476,60.32089949360426,21.744686810032114,0.7876789034455438,0.25953543197528844,0.04103116963405548
89.00000000000072,31.73455089535198,137.39846626642748,60.33813061379031,21.744686810032114,0.7759506692603613,0.2556710497857391,0.04042023138973392
89.20000000000073,31.71353570002378,137.44239625850602,60.3551048209045,21.744686810032114,0.7643970639455226,0.25186420675218574,0.039818389779549365
89.40000000000073,31.692833831900153,137.4856861835188,60.371825950148995,21.744686810032114,0.7530154873446979,0.24811404613885266,0.039225509358138254
89.60000000000073,31.6724406137841,137.52834559607746,60.38829777934785,21.744686810032114,0.7418033780168789,0.24441972396642844,0.03864145669686608
89.80000000000074,31.652351438449738,137.57038390785615,60.404524029808684,21.744686810032114,0.7307582126599234,0.2407804088221272,0.0380661003537991
90.00000000000074,31.63256176759161,137.61181038973788,60.42050836717131,21.744686810032114,0.7198775055426817,0.2371952816725778,0.03749931084412311
90.20000000000074,31.61306713078988,137.65263417392845,60.43625440224358,21.744686810032114,0.7091588079455797,0.2336635356794992,0.03694096061100272
90.40000000000074,31.59486048625152,137.690826838265,60.450960111632526,21.744686810032114,0.6985997076095306,0.23018437601812028,0.036390923996874464
90.60000000000075,31.576925248512612,137.72846507084068,60.465446602729465,21.744686810032114,0.688197828193052,0.22675701969830325,0.03584907721516739
90.80000000000075,31.559645128478927,137.76476502425902,60.47940394796604,21.744686810032114,0.6779508287374671,0.22338069538833064,0.03531529832244471
91.00000000000075,31.542622588855586,137.80053879056354,60.49315324263895,21.744686810032114,0.6678564031400684,0.22005464324131588,0.03478946719096024
91.20000000000076,31.525853786201292,137.83579422116378,60.50669759113848,21.744686810032114,0.6579122796351256,0.21677811472419864,0.034271465481623464
91.40000000000076,31.509334934531285,137.87053905009662,60.520040051446664,21.744686810032114,0.6481162202826212,0.2135503724492863,0.033761176617367154
91.60000000000076,31.493810669780647,137.90325212972124,60.53257917283276,21.744686810032114,0.6384660204645991,0.21037069000830372,0.03325848575691152
91.80000000000076,31.47851778720914,137.9354925401671,60.54493140425806,21.744686810032114,0.6289595083890118,0.20723835180891406,0.03276327976891899
92.00000000000077,31.463452834981855,137.96726733286738,60.55709953380802,21.744686810032114,0.6195945446009552,0.20415265291367352,0.03227544720653388
92.20000000000077,31.448612412847787,137.99858345387926,60.56908630790322,21.744686810032114,0.6103690215011811,0.20111289888138414,0.03179487828230104
92.40000000000077,31.433993171366588,138.02944774546356,60.5808944319239,21.744686810032114,0.6012808628717791,0.19811840561080885,0.03132146484345809
92.60000000000078,31.419591811147,138.05986694764044,60.59252657082509,21.744686810032114,0.5923280234089199,0.19516849918671328,0.03085510034759542
92.80000000000078,31.40540508209676,138.0898476997218,60.60398534974249,21.744686810032114,0.5835084882625575,0.1922625157282003,0.03039567983867871
93.00000000000078,31.391429782683783,138.11939654182032,60.61527335458917,21.744686810032114,0.5748202725829836,0.1893998012393025,0.029943099923428383
93.20000000000078,31.377662759208505,138.1485199163362,60.62639313264337,21.744686810032114,0.5662614210741342,0.18657971146179947,0.029497258748050797
93.40000000000079,31.364727726714786,138.1759436936944,60.63684090232375,21.744686810032114,0.5578300075535475,0.18380161173022647,0.0290580559753159
93.60000000000079,31.352548377162293,138.20182375650822,60.64667829848359,21.744686810032114,0.5495241345188732,0.18106487682904204,0.02862539276197619
93.8000000000008,31.34075338742837,138.2269186463218,60.656205242941,21.744686810032114,0.5413419327208372,0.17836889085192228,0.02819917173652188
94.0000000000008,31.329134155691854,138.2516544964349,60.66559022570815,21.744686810032114,0.533281560742564,0.17571304706315025,0.0277792969772673
94.2000000000008,31.318164480720935,138.27506342731806,60.67445055424775,21.744686810032114,0.5253412045851633,0.1730967477610691,0.027365673990763575
94.4000000000008,31.307358257045635,138.29813845871962,60.683178861357064,21.744686810032114,0.5175190772594863,0.17051940414356842,0.026958209690532732
94.6000000000008,31.29713842652637,138.3200156019669,60.69143353218913,21.744686810032114,0.5098134183839614,0.16798043617557354,0.02655681237611845
94.80000000000081,31.28707086708676,138.3415816847581,60.69956521197576,21.744686810032114,0.5022224937884179,0.16547927245850763,0.026161391712448735
95.00000000000081,31.27715330852271,138.36284134468247,60.707575734386054,21.744686810032114,0.4947445951238078,0.16301535010169768,0.02577185870950586
95.20000000000081,31.26775891144796,138.38303228655587,60.71516369343994,21.744686810032114,0.4873780394777399,0.16058811459569505,0.025388125702299046
95.40000000000082,31.258504479456075,138.4029373067519,60.722638601138925,21.744686810032114,0.48012116899573737,0.1581970196874823,0.02501010633113532
95.60000000000082,31.24938792602245,138.422560667638,60.73000214279215,21.744686810032114,0.4729723505081353,0.15584152725753808,0.02463771552218413
95.80000000000082,31.240407195761826,138.44190656797,60.73725597855717,21.744686810032114,0.46592997516253337,0.15352110719873263,0.02427086946833135
96.00000000000082,31.231560263962592,138.46097914384328,60.74440174381608,21.744686810032114,0.4589924580617211,0.15123523729702626,0.023909485610318366
96.20000000000083,31.2231676172191,138.47912370293918,60.75118057798038,21.744686810032114,0.45215823790699455,0.1489834031139443,0.02355348261816199
96.40000000000083,31.215081980355244,138.4966411000461,60.75771143684863,21.744686810032114,0.4454257766467834,0.14676509787080205,0.023202780372851027
96.60000000000083,31.20730657488168,138.51352475423892,60.763991718370825,21.744686810032114,0.4387935591305103,0.14457982233465333,0.02285729994831536
96.80000000000084,31.19964700142756,138.5301717859498,60.77017844108199,21.744686810032114,0.432260092767604,0.14242708470593743,0.022516963593663536
97.00000000000084,31.19210153357506,138.54658572191747,60.77627299942901,21.744686810032114,0.4258239071915894,0.14030640050779888,0.02218169471568479
97.20000000000084,31.18468163311674,138.56274314790969,60.7822661355945,21.744686810032114,0.4194835539291795,0.13821729247705516,0.021851417861611648
97.40000000000084,31.177372266130163,138.57867477533128,60.78816999264489,21.744686810032114,0.4132376060742942,0.13615929045678796,0.021526058702139146
97.60000000000085,31.170171785241486,138.5943839694494,60.793985901182374,21.744686810032114,0.4070846579669331,0.1341319312905336,0.02120554401469693
97.80000000000085,31.163078567651098,138.60987404533074,60.79971517196025,21.744686810032114,0.4010233248768293,0.132134758718049,0.02088980166697039
98.00000000000085,31.156194568811667,138.6249367276437,60.80527545442489,21.744686810032114,0.39505224269181405,0.13016732327262956,0.02057876060066718
98.20000000000086,31.149413116638762,138.63978992688916,60.81075290880588,21.744686810032114,0.3891700676108212,0.1282291821799561,0.020272350815525437
98.40000000000086,31.142867672528162,138.65416100716848,60.81603973684876,21.744686810032114,0.3833754758414625,0.1263198992584478,0.019970503353560123
98.60000000000086,31.136419729701498,138.6683329111241,60.82124781201965,21.744686810032114,0.37766716330210637,0.1244390448210988,0.01967315028354392
98.80000000000086,31.130067835172703,138.68230860692643,60.82637830791157,21.744686810032114,0.3720438453283923,0.12258619557877658,0.019380224685719215
99.00000000000087,31.123810557625745,138.6960910184781,60.8314323806144,21.744686810032114,0.3665042563841152,0.12076093454496005,0.019091660636737694
99.20000000000087,31.11764648709095,138.70968302607537,60.83641116897635,21.744686810032114,0.36104714977641456,0.11896285094189614,0.018807393194824197
99.40000000000087,31.11174482554008,138.722738982714,60.84117800668201,21.744686810032114,0.3556712973752042,0.11719154010815361,0.018527358385161483
99.60000000000088,31.105931071783882,138.73561536067777,60.845873840283716,21.744686810032114,0.3503754893367799,0.11544660340755342,0.01825149318549259
99.80000000000088,31.100231908517888,138.74825765236446,60.85047711787137,21.744686810032114,0.3451585338315424,0.11372764813945502,0.017979735511937583
100.00000000000088,31.094617635633057,138.7607265293703,60.85501182855354,21.744686810032114,0.3400192567757738,0.11203428745037851,0.017712024205021482
100.20000000000088,31.089127026860726,138.7729427844382,60.85944665435597,21.744686810032114,0.334956501567409,0.11036614024694266,0.017448299015910235
100.40000000000089,31.083718200892577,138.78499197300582,60.863815423277416,21.744686810032114,0.32996912882574,0.10872283111009927,0.017188500592851628
100.60000000000089,31.078474746030476,138.7967033402893,60.868050620116335,21.744686810032114,0.3250560161349968,0.10710399021064454,0.01693257046781807
100.80000000000089,31.073343334314377,138.80818582502874,60.87219531845946,21.744686810032114,0.3202160577917462,0.10550925322598848,0.016680451043348293
101.0000000000009,31.068444863553452,138.8191924563105,60.87615186780103,21.744686810032114,0.31544816455605135,0.10393826125816351,0.016432085579584938
101.2000000000009,31.063619352848736,138.830050044265,60.88004948649333,21.744686810032114,0.31075126340633663,0.10239066075305399,0.016187418181505184
101.4000000000009,31.058865715158934,138.84076080950797,60.883889052551716,21.744686810032114,0.30612429729790275,0.10086610342082829,0.015946393786341478
101.6000000000009,31.0541828796486,138.85132693954978,60.88767143090189,21.744686810032114,0.3015662249250371,0.09936424615755564,0.015708958151189566
101.8000000000009,31.049603619671945,138.86168148474687,60.89137015014097,21.744686810032114,0.2970760204866662,0.0978847509679901,0.015475057840801068
102.00000000000091,31.045092563860486,138.87189670198504,60.89501378011688,21.744686810032114,0.29265267345549795,0.09642728488950418,0.015244640215557778
102.20000000000091,31.040723061292123,138.8818227532407,60.8985430759632,21.744686810032114,0.2882951883506006,0.09499151991715513,0.015017653419625044
102.40000000000092,31.03641863783516,138.8916158604198,60.902019806687065,21.744686810032114,0.2840025845133684,0.09357713292986691,0.01479404636928153
102.60000000000092,31.0321783239328,138.9012780041399,60.9054447554103,21.744686810032114,0.27977389588682305,0.09218380561771132,0.014573768741422757
102.80000000000092,31.02809460088108,138.91062026294472,60.908743223961004,21.744686810032114,0.2756081707982008,0.09081122441027187,0.014356770962235801
103.00000000000092,31.024071699415234,138.9198382749767,60.91199256624,21.744686810032114,0.2715044717447774,0.08945908040607425,0.014143004196042638
103.20000000000093,31.020108713440806,138.92893389121215,60.915193514109866,21.744686810032114,0.2674618751828813,0.08812706930306767,0.013932420334309598
103.40000000000093,31.016204750368882,138.93790893503808,60.918346788524595,21.744686810032114,0.2634794713200492,0.0868148913301411,0.013724971984820472
103.60000000000093,31.012388584553882,138.94670462599646,60.92142914811794,21.744686810032114,0.2595563639102755,0.08552225117965945,0.013520612461010814
103.80000000000094,31.00862925442054,138.9553842126158,60.92446560089876,21.744686810032114,0.255691670052311,0.08424885794100405,0.013319295771461065
104.00000000000094,31.004925913283735,138.96394942451053,60.92745683074407,21.744686810032114,0.2518845199909647,0.08299442503510283,0.013120976609546114
104.20000000000094,31.001277727077543,138.97240196551655,60.93040351133818,21.744686810032114,0.24813405692136364,0.08175867014993526,0.012925610343238973
104.40000000000094,30.997683874166984,138.9807435140757,60.93330630632481,21.744686810032114,0.24443943679612834,0.08054131517699757,0.012733153005066267
104.60000000000095,30.994143545162576,138.9889757236146,60.93616586945685,21.744686810032114,0.24079982813541811,0.07934208614871405,0.012543561282213298
104.80000000000095,30.990722843911207,138.9969635567197,60.9389288079216,21.744686810032114,0.23721441183980554,0.07816071317678021,0.01235679250677642
105.00000000000095,30.987353087203783,139.00484731994422,60.94165059791131,21.744686810032114,0.2336823810059368,0.07699693039142402,0.01217280464616057
105.20000000000095,30.984126299424965,139.0124390252137,60.9442569103065,21.744686810032114,0.23020294074493688,0.07585047588157151,0.011991556293619768
105.40000000000096,30.9809475676172,139.01993256140005,60.946824407359124,21.744686810032114,0.2267753080035187,0.07472109163590329,0.011813006658938464
105.60000000000096,30.977833663119668,139.0272936678911,60.9493395426719,21.744686810032114,0.22339871138775563,0.07360852348478872,0.011637115559251636
105.80000000000096,30.974766133097255,139.034560040271,60.95181722080509,21.744686810032114,0.22007239098947834,0.07251252104308463,0.011463843410001583
106.00000000000097,30.971744286768757,139.0417330896726,60.95425799971036,21.744686810032114,0.2167955982152561,0.07143283765378579,0.011293151216029352
106.20000000000097,30.968767443646737,139.0488142062005,60.95666242902498,21.744686810032114,0.21356759561792482,0.07036923033251437,0.011125000562798828
106.40000000000097,30.96583493338399,139.05580475924478,60.95903105019585,21.744686810032114,0.21038765673062343,0.06932145971283592,0.010959353607751474
106.60000000000097,30.962946095622357,139.06270609778989,60.9613643966016,21.744686810032114,0.20725506590330145,0.06828928999238962,0.010796173071789816
106.80000000000098,30.96010027984373,139.06951955071887,60.963662993672955,21.744686810032114,0.20416911814166075,0.06727248887982058,0.010635422230887719
107.00000000000098,30.957296845223333,139.07624642711315,60.965927359011204,21.744686810032114,0.20112911894849567,0.06627082754250234,0.010477064907825592
107.20000000000098,30.954609843785786,139.08273545296456,60.96809767997205,21.744686810032114,0.19813438416739526,0.06528408055503773,0.01032106546404865
107.40000000000099,30.95196285795019,139.08914273465666,60.970235679885924,21.744686810032114,0.1951842398287729,0.06431202584852655,0.0101673887916464
107.60000000000099,30.94942395049859,139.09532923304906,60.972286383686395,21.744686810032114,0.1922780219981884,0.06335444466058861,0.010016000305451564
